,movie_title,cluster_KMeans
0,Avatar,22
1,Pirates of the Caribbean: At World's End,12
2,Spectre,33
3,The Dark Knight Rises,19
5,John Carter,47
6,Spider-Man 3,9
7,Tangled,5
8,Avengers: Age of Ultron,47
9,Harry Potter and the Half-Blood Prince,45
10,Batman v Superman: Dawn of Justice,47
11,Superman Returns,47
12,Quantum of Solace,47
13,Pirates of the Caribbean: Dead Man's Chest,12
14,The Lone Ranger,47
15,Man of Steel,22
16,The Chronicles of Narnia: Prince Caspian,12
17,The Avengers,47
18,Pirates of the Caribbean: On Stranger Tides,12
19,Men in Black 3,3
20,The Hobbit: The Battle of the Five Armies,45
21,The Amazing Spider-Man,12
22,Robin Hood,42
23,The Hobbit: The Desolation of Smaug,45
24,The Golden Compass,45
25,King Kong,9
26,Titanic,14
27,Captain America: Civil War,47
28,Battleship,33
29,Jurassic World,33
30,Skyfall,33
31,Spider-Man 2,12
32,Iron Man 3,47
33,Alice in Wonderland,45
34,X-Men: The Last Stand,22
35,Monsters University,5
36,Transformers: Revenge of the Fallen,47
37,Transformers: Age of Extinction,47
38,Oz the Great and Powerful,45
39,The Amazing Spider-Man 2,22
40,TRON: Legacy,47
41,Cars 2,5
42,Green Lantern,47
43,Toy Story 3,5
44,Terminator Salvation,47
45,Furious 7,31
46,World War Z,35
47,X-Men: Days of Future Past,22
48,Star Trek Into Darkness,47
49,Jack the Giant Slayer,45
50,The Great Gatsby,14
51,Prince of Persia: The Sands of Time,12
52,Pacific Rim,47
53,Transformers: Dark of the Moon,47
54,Indiana Jones and the Kingdom of the Crystal Skull,12
56,Brave,5
57,Star Trek Beyond,33
58,WALL·E,3
59,Rush Hour 3,27
60,2012,47
61,A Christmas Carol,30
62,Jupiter Ascending,47
63,The Legend of Tarzan,9
64,"The Chronicles of Narnia: The Lion, the Witch and the Wardrobe",45
65,X-Men: Apocalypse,47
66,The Dark Knight,32
67,Up,5
68,Monsters vs. Aliens,3
69,Iron Man,47
70,Hugo,41
71,Wild Wild West,15
72,The Mummy: Tomb of the Dragon Emperor,12
73,Suicide Squad,15
74,Evan Almighty,30
75,Edge of Tomorrow,47
76,Waterworld,33
77,G.I. Joe: The Rise of Cobra,33
78,Inside Out,41
79,The Jungle Book,45
80,Iron Man 2,47
81,Snow White and the Huntsman,12
82,Maleficent,12
83,Dawn of the Planet of the Apes,47
85,47 Ronin,12
86,Captain America: The Winter Soldier,47
87,Shrek Forever After,5
88,Tomorrowland,47
89,Big Hero 6,3
90,Wreck-It Ralph,3
91,The Polar Express,45
92,Independence Day: Resurgence,47
93,How to Train Your Dragon,45
94,Terminator 3: Rise of the Machines,10
95,Guardians of the Galaxy,47
96,Interstellar,37
97,Inception,33
100,The Fast and the Furious,31
101,The Curious Case of Benjamin Button,14
102,X-Men: First Class,47
103,The Hunger Games: Mockingjay - Part 2,47
104,The Sorcerer's Apprentice,12
105,Poseidon,33
106,Alice Through the Looking Glass,45
107,Shrek the Third,5
108,Warcraft,12
109,Terminator Genisys,47
110,The Chronicles of Narnia: The Voyage of the Dawn Treader,45
111,Pearl Harbor,42
112,Transformers,47
113,Alexander,42
114,Harry Potter and the Order of the Phoenix,45
115,Harry Potter and the Goblet of Fire,45
116,Hancock,10
117,I Am Legend,11
118,Charlie and the Chocolate Factory,45
119,Ratatouille,30
120,Batman Begins,47
121,Madagascar: Escape 2 Africa,5
122,Night at the Museum: Battle of the Smithsonian,45
123,X-Men Origins: Wolverine,22
124,The Matrix Revolutions,10
125,Frozen,5
126,The Matrix Reloaded,10
127,Thor: The Dark World,12
128,Mad Max: Fury Road,33
129,Angels & Demons,26
130,Thor,12
131,Bolt,41
132,G-Force,3
133,Wrath of the Titans,12
134,Dark Shadows,43
135,Mission: Impossible - Rogue Nation,33
136,The Wolfman,11
137,The Legend of Tarzan,9
138,Bee Movie,5
139,Kung Fu Panda 2,5
140,The Last Airbender,12
141,Mission: Impossible III,33
142,White House Down,19
143,Mars Needs Moms,3
144,Flushed Away,5
145,Pan,45
146,Mr. Peabody & Sherman,3
147,Troy,47
148,Madagascar 3: Europe's Most Wanted,5
149,Die Another Day,33
150,Ghostbusters,15
151,Armageddon,33
152,Men in Black II,3
153,Beowulf,12
154,Kung Fu Panda 3,5
155,Mission: Impossible - Ghost Protocol,33
156,Rise of the Guardians,45
157,Fun with Dick and Jane,8
158,The Last Samurai,42
159,Exodus: Gods and Kings,9
160,Star Trek,47
161,Spider-Man,12
162,How to Train Your Dragon 2,5
163,Gods of Egypt,12
164,Stealth,33
165,Watchmen,10
166,Lethal Weapon 4,31
167,Hulk,10
168,G.I. Joe: Retaliation,33
169,Sahara,33
170,Final Fantasy: The Spirits Within,22
171,Captain America: The First Avenger,47
172,The World Is Not Enough,33
173,Master and Commander: The Far Side of the World,42
174,The Twilight Saga: Breaking Dawn - Part 2,9
175,Happy Feet 2,5
176,The Incredible Hulk,47
178,The BFG,45
179,The Revenant,20
180,Turbo,5
181,Rango,5
182,Penguins of Madagascar,5
183,The Bourne Ultimatum,19
184,Kung Fu Panda,5
185,Ant-Man,15
186,The Hunger Games: Catching Fire,6
187,The Twilight Saga: Breaking Dawn - Part 2,9
188,Home,3
189,War of the Worlds,6
190,Bad Boys II,27
191,Puss in Boots,5
192,Salt,4
193,Noah,9
194,The Adventures of Tintin,47
195,Harry Potter and the Prisoner of Azkaban,45
196,Australia,9
197,After Earth,47
198,Dinosaur,5
200,Night at the Museum: Secret of the Tomb,45
201,Megamind,3
202,Harry Potter and the Sorcerer's Stone,45
203,R.I.P.D.,18
205,Pirates of the Caribbean: The Curse of the Black Pearl,12
207,The Hunger Games: Mockingjay - Part 1,6
208,The Da Vinci Code,26
209,Rio 2,5
210,X-Men 2,22
211,Fast Five,31
212,Sherlock Holmes: A Game of Shadows,4
213,Clash of the Titans,12
214,Total Recall,10
215,The 13th Warrior,47
216,The Bourne Legacy,33
217,Batman & Robin,10
218,How the Grinch Stole Christmas,30
219,The Day After Tomorrow,33
220,Mission: Impossible II,33
221,The Perfect Storm,33
222,Fantastic 4: Rise of the Silver Surfer,33
223,Life of Pi,45
224,Ghost Rider,19
225,Jason Bourne,19
226,Charlie's Angels: Full Throttle,27
227,Prometheus,6
228,Stuart Little 2,5
229,Elysium,19
230,The Chronicles of Riddick,33
231,RoboCop,31
232,Speed Racer,10
233,How Do You Know,34
234,Knight and Day,44
235,Oblivion,47
236,Star Wars: Episode III - Revenge of the Sith,22
237,Star Wars: Episode II - Attack of the Clones,22
238,"Monsters, Inc.",5
239,The Wolverine,33
240,Star Wars: Episode I - The Phantom Menace,22
241,The Croods,5
243,Windtalkers,42
244,The Huntsman: Winter's War,12
245,Teenage Mutant Ninja Turtles,15
246,Gravity,6
247,Dante's Peak,33
249,Fantastic Four,47
250,Night at the Museum,12
251,San Andreas,33
252,Tomorrow Never Dies,33
253,The Patriot,42
254,Ocean's Twelve,46
255,Mr. & Mrs. Smith,27
256,Insurgent,6
257,The Aviator,49
258,Gulliver's Travels,45
259,The Green Hornet,27
261,300: Rise of an Empire,42
262,The Smurfs,5
263,Home on the Range,5
264,Allegiant,6
265,Real Steel,10
266,The Smurfs 2,5
267,Speed 2: Cruise Control,31
268,Ender's Game,10
269,Live Free or Die Hard,33
270,The Lord of the Rings: The Fellowship of the Ring,12
271,Around the World in 80 Days,15
272,Ali,29
273,The Cat in the Hat,45
274,"I, Robot",19
275,Kingdom of Heaven,42
276,Stuart Little,45
277,The Princess and the Frog,30
278,The Martian,37
280,The Island,33
281,Town & Country,16
282,Gone in Sixty Seconds,31
283,Gladiator,14
284,Minority Report,19
285,Harry Potter and the Chamber of Secrets,45
286,Casino Royale,33
287,Planet of the Apes,33
288,Terminator 2: Judgment Day,10
289,Public Enemies,0
290,American Gangster,17
291,True Lies,18
292,The Taking of Pelham 1 2 3,31
293,Little Fockers,44
294,The Other Guys,27
295,Eraser,48
296,Django Unchained,37
297,The Hunchback of Notre Dame,14
298,The Emperor's New Groove,5
299,The Expendables 2,33
300,National Treasure,15
301,Eragon,12
302,Where the Wild Things Are,45
303,Pan,45
304,Epic,45
305,The Tourist,19
306,End of Days,43
307,Blood Diamond,20
308,The Wolf of Wall Street,40
309,Batman Forever,12
310,Starship Troopers,10
311,Cloud Atlas,37
312,Legend of the Guardians: The Owls of Ga'Hoole,45
313,Catwoman,31
314,Hercules,47
315,Treasure Planet,3
316,Land of the Lost,15
317,The Expendables 3,33
318,Point Break,31
319,Son of the Mask,30
320,In the Heart of the Sea,33
321,The Adventures of Pluto Nash,15
322,Green Zone,19
323,The Peanuts Movie,5
324,The Spanish Prisoner,48
325,The Mummy Returns,12
326,Gangs of New York,17
327,The Flowers of War,42
328,Surf's Up,5
329,The Stepford Wives,6
330,Black Hawk Down,42
331,The Campaign,21
332,The Fifth Element,47
333,Sex and the City 2,23
334,The Road to El Dorado,5
335,Ice Age: Continental Drift,5
336,Cinderella,14
337,The Lovely Bones,20
338,Finding Nemo,5
339,The Lord of the Rings: The Return of the King,12
340,The Lord of the Rings: The Two Towers,12
341,Seventh Son,12
342,Lara Croft: Tomb Raider,12
343,Transcendence,39
344,Jurassic Park III,33
345,Rise of the Planet of the Apes,19
346,The Spiderwick Chronicles,45
347,A Good Day to Die Hard,19
348,The Alamo,42
349,The Incredibles,5
350,Cutthroat Island,15
351,Percy Jackson & the Olympians: The Lightning Thief,45
352,Men in Black,3
353,Toy Story 2,5
354,Unstoppable,19
355,Rush Hour 2,27
356,What Lies Beneath,11
357,Cloudy with a Chance of Meatballs,3
358,Ice Age: Dawn of the Dinosaurs,5
359,The Secret Life of Walter Mitty,25
360,Charlie's Angels,27
361,The Departed,46
362,Mulan,45
363,Tropic Thunder,18
364,The Girl with the Dragon Tattoo,13
365,Die Hard with a Vengeance,33
366,Sherlock Holmes,4
368,Atlantis: The Lost Empire,3
369,Alvin and the Chipmunks: The Road Chip,5
370,Valkyrie,42
371,You Don't Mess with the Zohan,18
372,Pixels,15
373,A.I. Artificial Intelligence,37
374,The Haunted Mansion,30
375,Contact,48
376,Hollow Man,35
377,The Interpreter,13
378,Percy Jackson: Sea of Monsters,45
379,Lara Croft Tomb Raider: The Cradle of Life,12
380,Now You See Me 2,27
381,The Saint,33
382,Spy Game,31
383,Mission to Mars,6
384,Rio,5
385,Bicentennial Man,2
386,Volcano,19
387,The Devil's Own,32
388,K-19: The Widowmaker,42
389,Fantastic Four,47
391,Cinderella Man,29
392,The Nutcracker in 3D,12
393,Seabiscuit,36
394,Twister,33
395,The Fast and the Furious,31
396,Cast Away,9
397,Happy Feet,16
398,The Bourne Supremacy,19
399,Air Force One,33
400,Ocean's Eleven,46
401,The Three Musketeers,9
402,Hotel Transylvania,30
403,Enchanted,30
405,Safe House,4
406,102 Dalmatians,5
407,Tower Heist,27
408,The Holiday,44
409,Enemy of the State,4
410,It's Complicated,23
411,Ocean's Thirteen,46
412,Open Season,5
413,Divergent,6
414,Enemy at the Gates,42
415,The Rundown,33
416,Last Action Hero,12
417,Memoirs of a Geisha,14
418,The Fast and the Furious: Tokyo Drift,31
419,Arthur Christmas,5
420,Meet Joe Black,14
421,Collateral Damage,19
423,Mirror Mirror,41
424,Scott Pilgrim vs. the World,25
425,The Core,33
426,Nutty Professor II: The Klumps,44
427,Scooby-Doo,21
428,Dredd,10
429,Click,25
431,Cats & Dogs: The Revenge of Kitty Galore,30
432,Jumper,33
433,Hellboy II: The Golden Army,22
434,Zodiac,13
435,The 6th Day,19
436,Bruce Almighty,2
437,The Expendables,33
438,Mission: Impossible,33
439,The Hunger Games,6
440,The Hangover Part II,21
441,Batman Returns,10
442,Over the Hedge,5
443,Lilo & Stitch,3
445,Deep Impact,19
446,RED 2,27
447,The Longest Yard,8
448,Alvin and the Chipmunks: Chipwrecked,5
449,Grown Ups 2,21
450,Get Smart,15
451,Something's Gotta Give,23
452,Shutter Island,26
453,Four Christmases,23
454,Robots,3
455,Face/Off,31
456,Bedtime Stories,25
457,Road to Perdition,46
458,Just Go with It,44
460,Con Air,31
461,Eagle Eye,19
462,Cold Mountain,42
463,The Book of Eli,33
464,Flubber,3
465,The Haunting,26
466,Space Jam,3
467,The Pink Panther,5
468,The Day the Earth Stood Still,20
469,Conspiracy Theory,4
470,Fury,42
471,Six Days Seven Nights,15
472,Yogi Bear,5
473,Spirit: Stallion of the Cimarron,5
474,Zookeeper,44
475,Lost in Space,33
476,The Manchurian Candidate,48
478,Hotel Transylvania 2,30
480,Fantasia 2000,30
481,The Time Machine,47
482,Mighty Joe Young,12
483,Swordfish,31
484,The Legend of Zorro,47
485,What Dreams May Come,14
486,Little Nicky,21
487,The Brothers Grimm,12
488,Mars Attacks!,15
491,Surrogates,19
492,Thirteen Days,20
493,Daylight,33
494,Walking with Dinosaurs 3D,5
495,Battlefield Earth,47
496,Looney Tunes: Back in Action,3
497,Nine,14
498,Timeline,47
499,The Postman,47
500,Babe: Pig in the City,41
501,The Last Witch Hunter,12
502,Red Planet,19
503,Arthur and the Invisibles,45
504,Oceans,37
505,A Sound of Thunder,35
506,Pompeii,9
508,A Beautiful Mind,49
509,The Lion King,41
510,Journey 2: The Mysterious Island,3
511,Cloudy with a Chance of Meatballs 2,30
512,Red Dragon,46
513,Hidalgo,47
514,Jack and Jill,21
515,2 Fast 2 Furious,31
516,The Little Prince,41
517,The Invasion,6
518,The Adventures of Rocky & Bullwinkle,5
519,The Secret Life of Pets,5
520,The League of Extraordinary Gentlemen,22
521,Despicable Me 2,3
522,Independence Day,47
523,The Lost World: Jurassic Park,47
524,Madagascar,5
525,Children of Men,20
526,X-Men,47
527,Wanted,31
528,The Rock,33
529,Ice Age: The Meltdown,5
530,50 First Dates,44
531,Hairspray,16
532,Exorcist: The Beginning,26
533,Inspector Gadget,15
534,Now You See Me,13
535,Grown Ups,21
536,The Terminal,2
538,Hotel for Dogs,21
539,Vertical Limit,33
540,Charlie Wilson's War,49
541,Shark Tale,5
542,Dreamgirls,24
544,Be Cool,8
545,Munich,20
546,Tears of the Sun,19
547,Killers,18
548,The Man from U.N.C.L.E.,15
549,Spanglish,23
550,Monster House,30
551,Bandits,34
552,First Knight,33
553,Anna and the King,14
554,Immortals,14
555,Hostage,4
556,Titan A.E.,3
557,Hollywood Homicide,27
558,Soldier,10
560,Monkeybone,30
561,Flight of the Phoenix,33
562,Unbreakable,48
563,Minions,3
564,Sucker Punch,12
565,Snake Eyes,13
566,Sphere,48
567,The Angry Birds Movie,18
568,Fool's Gold,33
569,Funny People,2
570,The Kingdom,19
571,Talladega Nights: The Ballad of Ricky Bobby,18
572,Dr. Dolittle 2,30
573,Braveheart,49
574,Jarhead,42
575,The Simpsons Movie,5
576,The Majestic,14
577,Driven,36
578,Two Brothers,41
579,The Village,39
580,Doctor Dolittle,30
581,Signs,20
582,Shrek 2,5
583,Cars,5
584,Runaway Bride,44
585,xXx,33
586,The SpongeBob Movie: Sponge Out of Water,5
587,Ransom,46
588,Inglourious Basterds,42
589,Hook,45
590,Hercules,47
591,Die Hard 2,19
592,S.W.A.T.,31
594,Vanilla Sky,39
595,Lady in the Water,48
596,AVP: Alien vs. Predator,35
597,Alvin and the Chipmunks: The Squeakquel,30
598,We Were Soldiers,42
599,Olympus Has Fallen,19
600,Star Trek: Insurrection,33
601,Battle Los Angeles,10
602,Big Fish,45
603,Wolf,11
604,War Horse,37
605,The Monuments Men,37
607,Wall Street: Money Never Sleeps,37
608,Dracula Untold,43
609,The Siege,19
610,Stardust,45
611,Seven Years in Tibet,49
612,The Dilemma,28
613,Bad Company,33
614,Doom,47
615,I Spy,33
616,Underworld: Awakening,43
617,Rock of Ages,34
618,Hart's War,37
619,Killer Elite,31
620,Rollerball,10
621,Ballistic: Ecks vs. Sever,31
622,Hard Rain,32
623,Osmosis Jones,5
625,Blackhat,4
626,Sky Captain and the World of Tomorrow,6
627,Basic Instinct 2,13
628,Escape Plan,4
629,The Legend of Hercules,12
630,The Sum of All Fears,19
631,The Twilight Saga: Eclipse,9
632,The Score,46
633,Despicable Me,5
634,Money Train,32
635,Ted 2,21
636,Agora,9
637,Mystery Men,15
638,Hall Pass,44
639,The Insider,20
641,Body of Lies,19
643,Abraham Lincoln: Vampire Hunter,43
644,Entrapment,31
646,The X Files,48
647,The Last Legion,12
648,Saving Private Ryan,42
649,Need for Speed,32
650,What Women Want,25
651,Ice Age,5
652,Dreamcatcher,11
653,Lincoln,49
654,The Matrix,10
655,Apollo 13,37
656,Total Recall,10
657,The Santa Clause 2,30
658,Les Misérables,14
659,You've Got Mail,23
660,Step Brothers,16
661,The Mask of Zorro,33
662,Due Date,2
663,Unbroken,29
664,Space Cowboys,33
665,Cliffhanger,33
666,Broken Arrow,31
667,The Kid,30
668,World Trade Center,20
669,Mona Lisa Smile,37
670,The Dictator,44
671,Eyes Wide Shut,48
672,Annie,2
673,Focus,40
674,This Means War,16
675,Blade: Trinity,22
677,Primary Colors,2
678,Resident Evil: Retribution,35
679,Death Race,19
680,The Long Kiss Goodnight,4
681,Proof of Life,19
682,Zathura: A Space Adventure,3
683,Fight Club,37
684,We Are Marshall,36
686,Hudson Hawk,15
687,Lucky Numbers,8
688,"I, Frankenstein",22
689,Oliver Twist,17
690,Elektra,31
691,Sin City: A Dame to Kill For,31
692,Random Hearts,39
693,Everest,29
694,Perfume: The Story of a Murderer,17
695,Austin Powers in Goldmember,27
696,Astro Boy,3
697,Jurassic Park,6
698,Wyatt Earp,17
699,Clear and Present Danger,32
700,Dragon Blade,42
701,Littleman,8
702,U-571,10
703,The American President,23
704,The Love Guru,44
705,3000 Miles to Graceland,27
706,The Hateful Eight,13
707,Blades of Glory,21
708,Hop,5
709,300,42
710,Meet the Fockers,44
711,Marley & Me,2
712,The Green Mile,17
714,Chicken Little,3
715,Gone Girl,13
716,The Bourne Identity,19
717,GoldenEye,33
718,The General's Daughter,48
719,The Truman Show,2
720,The Prince of Egypt,41
721,Daddy Day Care,21
722,2 Guns,32
723,Cats & Dogs,30
724,The Italian Job,31
725,Two Weeks Notice,44
726,Antz,5
727,Couples Retreat,21
728,Days of Thunder,36
729,Cheaper by the Dozen 2,5
730,The Scorch Trials,19
731,Eat Pray Love,14
732,The Family Man,25
733,RED,27
734,Any Given Sunday,36
735,The Horse Whisperer,14
736,Collateral,46
737,The Scorpion King,12
738,Ladder 49,19
739,Jack Reacher,4
740,Deep Blue Sea,19
741,This Is It,24
742,Contagion,20
743,Kangaroo Jack,27
744,Coraline,30
745,The Happening,6
746,Man on Fire,32
747,The Shaggy Dog,30
748,Starsky & Hutch,8
749,Jingle All the Way,21
750,Hellboy,35
751,A Civil Action,37
752,ParaNorman,5
753,The Jackal,31
754,Paycheck,19
755,Up Close & Personal,14
756,The Tale of Despereaux,5
758,The Tuxedo,15
759,Under Siege 2: Dark Territory,19
760,Jack Ryan: Shadow Recruit,19
761,Joy,2
762,London Has Fallen,32
763,Alien: Resurrection,35
764,Shooter,4
765,The Boxtrolls,5
766,Practical Magic,34
767,The Lego Movie,5
768,Miss Congeniality 2: Armed and Fabulous,27
769,Reign of Fire,22
770,Gangster Squad,32
771,Year One,21
772,Invictus,29
774,Duplicity,8
775,My Favorite Martian,3
776,The Sentinel,31
777,Planet 51,3
778,Star Trek: Nemesis,33
779,Intolerable Cruelty,8
781,Edge of Darkness,13
782,The Relic,26
783,Analyze That,8
784,Righteous Kill,4
785,Mercury Rising,32
786,The Soloist,24
787,The Legend of Bagger Vance,36
788,Almost Famous,2
790,xXx: State of the Union,31
791,Priest,35
792,Sinbad: Legend of the Seven Seas,41
793,Event Horizon,35
794,The Avengers,47
795,Dragonfly,39
796,The Black Dahlia,13
797,Flyboys,42
798,The Last Castle,19
799,Supernova,35
800,Winter's Tale,39
801,The Mortal Instruments: City of Bones,43
802,Meet Dave,3
803,Dark Water,11
804,Edtv,2
805,Inkheart,45
806,The Spirit,31
807,Mortdecai,44
808,In the Name of the King: A Dungeon Siege Tale,12
809,Beyond Borders,9
811,The Great Raid,42
812,Deadpool,15
813,Holy Man,2
814,American Sniper,42
815,Goosebumps,45
817,Just Like Heaven,25
818,The Flintstones in Viva Rock Vegas,44
820,Leatherheads,23
822,Did You Hear About the Morgans?,23
823,The Internship,21
824,Resident Evil: Afterlife,47
825,Red Tails,42
827,The Devil's Advocate,48
828,That's My Boy,21
829,DragonHeart,12
830,After the Sunset,40
831,Ghost Rider: Spirit of Vengeance,19
832,Captain Corelli's Mandolin,14
834,The Pacifier,19
835,Walking Tall,31
836,Forrest Gump,2
837,Alvin and the Chipmunks,30
838,Meet the Parents,21
839,Pocahontas,41
841,The Nutty Professor,44
842,Hitch,16
843,George of the Jungle,15
844,American Wedding,16
845,Captain Phillips,20
846,Date Night,8
847,Casper,30
848,The Equalizer,31
849,Maid in Manhattan,23
850,Crimson Tide,19
851,The Pursuit of Happyness,49
852,Flightplan,48
853,Disclosure,20
854,City of Angels,14
855,Kill Bill: Vol. 1,10
856,Bowfinger,21
858,Kill Bill: Vol. 2,32
860,Death Becomes Her,43
861,Shanghai Noon,15
862,Executive Decision,33
863,Mr. Popper's Penguins,30
864,The Forbidden Kingdom,12
865,Free Birds,5
866,Alien 3,35
867,Evita,49
868,Ronin,31
869,The Ghost and the Darkness,11
870,Paddington,30
871,The Watch,15
872,The Hunted,32
873,Instinct,20
874,Stuck on You,21
875,Semi-Pro,21
876,The Pirates! Band of Misfits,5
877,Changeling,13
878,Chain Reaction,19
879,The Fan,19
880,The Phantom of the Opera,14
881,Elizabeth: The Golden Age,49
882,Æon Flux,10
883,Gods and Generals,42
884,Turbulence,19
885,Imagine That,30
886,Muppets Most Wanted,5
887,Thunderbirds,15
888,Burlesque,14
889,A Very Long Engagement,39
892,Blade II,35
893,Seven Pounds,28
894,Bullet to the Head,19
895,The Godfather: Part III,17
896,Elizabethtown,23
897,"You, Me and Dupree",16
899,Gigli,8
900,All the King's Men,20
901,Shaft,31
902,Anastasia,41
903,Moulin Rouge!,14
904,Domestic Disturbance,13
905,Black Mass,17
906,Flags of Our Fathers,42
907,Law Abiding Citizen,46
908,Grindhouse,35
909,Beloved,37
910,Lucky You,36
911,Catch Me If You Can,17
912,Zero Dark Thirty,20
913,The Break-Up,23
914,Mamma Mia!,44
915,Valentine's Day,44
916,The Dukes of Hazzard,15
917,The Thin Red Line,42
918,The Change-Up,21
919,Man on the Moon,2
920,Casino,17
921,From Paris with Love,19
922,Bulletproof Monk,18
923,"Me, Myself & Irene",21
924,Barnyard,5
926,The Twilight Saga: New Moon,9
927,Shrek,5
928,The Adjustment Bureau,6
929,Robin Hood: Prince of Thieves,9
930,Jerry Maguire,23
931,Ted,21
932,As Good as It Gets,16
933,Patch Adams,23
934,Anchorman 2: The Legend Continues,21
935,Mr. Deeds,44
936,Super 8,6
937,Erin Brockovich,49
938,How to Lose a Guy in 10 Days,44
939,22 Jump Street,27
940,Interview with the Vampire: The Vampire Chronicles,43
941,Yes Man,16
942,Central Intelligence,27
943,Stepmom,2
944,Daddy's Home,21
945,Into the Woods,41
946,Inside Man,13
947,Payback,32
948,Congo,47
950,Knowing,48
951,Failure to Launch,16
953,"Crazy, Stupid, Love.",16
954,Garfield,30
955,Christmas with the Kranks,21
956,Moneyball,29
957,Outbreak,19
958,Non-Stop,19
959,Race to Witch Mountain,22
960,V for Vendetta,19
961,Shanghai Knights,15
963,Curious George,5
964,Herbie Fully Loaded,45
965,Don't Say a Word,13
966,Hansel & Gretel: Witch Hunters,43
967,Unfaithful,20
968,I Am Number Four,33
969,Syriana,20
970,13 Hours,19
971,The Book of Life,5
972,Firewall,46
973,Absolute Power,32
974,G.I. Jane,42
975,The Game,48
976,Silent Hill,1
977,The Replacements,21
978,American Reunion,21
979,The Negotiator,4
980,Into the Storm,19
981,Beverly Hills Cop III,27
982,Gremlins 2: The New Batch,43
983,The Judge,17
984,The Peacemaker,19
985,Resident Evil: Apocalypse,35
986,Bridget Jones: The Edge of Reason,23
987,Out of Time,46
988,On Deadly Ground,33
989,The Adventures of Sharkboy and Lavagirl 3-D,12
990,The Beach,20
991,Raising Helen,34
992,Ninja Assassin,31
993,For Love of the Game,36
995,Striptease,40
996,Marmaduke,21
997,Hereafter,37
998,Murder by Numbers,13
999,Assassins,31
1000,Hannibal Rising,46
1001,The Story of Us,23
1002,The Host,33
1003,Basic,4
1004,Blood Work,4
1005,The International,4
1006,Escape from L.A.,33
1008,The Iron Giant,3
1009,The Life Aquatic with Steve Zissou,2
1010,Free State of Jones,42
1011,The Life of David Gale,46
1012,Man of the House,18
1013,Run All Night,32
1014,Eastern Promises,13
1015,Into the Blue,31
1016,The Messenger: The Story of Joan of Arc,49
1017,Your Highness,45
1018,Dream House,48
1019,Mad City,46
1020,Baby's Day Out,41
1021,The Scarlet Letter,14
1022,Fair Game,20
1024,Domino,32
1025,Jade,46
1026,Gamer,19
1027,Beautiful Creatures,14
1028,Death to Smoochy,40
1029,Zoolander 2,21
1030,The Big Bounce,8
1031,What Planet Are You From?,21
1032,Drive Angry,19
1033,Street Fighter: The Legend of Chun-Li,4
1034,The One,19
1036,The Adventures of Ford Fairlane,27
1038,Traffic,46
1041,Chappie,32
1042,The Bone Collector,13
1043,Panic Room,46
1045,Three Kings,42
1046,Child 44,46
1047,Rat Race,21
1048,K-PAX,48
1049,Kate & Leopold,25
1050,Bedazzled,25
1052,3:10 to Yuma,17
1053,Taken 3,19
1054,Out of Sight,46
1055,The Cable Guy,28
1057,Dick Tracy,27
1058,The Thomas Crown Affair,46
1059,Riding in Cars with Boys,2
1062,Happily N'Ever After,5
1063,Mary Reilly,11
1064,My Best Friend's Wedding,16
1065,America's Sweethearts,44
1066,Insomnia,48
1067,Star Trek: First Contact,33
1068,Jonah Hex,19
1069,Courage Under Fire,48
1070,Liar Liar,25
1073,The Flintstones,30
1074,Taken 2,31
1075,Scary Movie 3,21
1076,Miss Congeniality,27
1077,Journey to the Center of the Earth,22
1078,The Princess Diaries 2: Royal Engagement,44
1079,The Pelican Brief,13
1080,The Client,13
1081,The Bucket List,28
1082,Patriot Games,19
1083,Monster-in-Law,44
1084,Prisoners,13
1085,Training Day,46
1086,Galaxy Quest,15
1087,Scary Movie 2,21
1088,The Muppets,5
1089,Blade,1
1090,Coach Carter,36
1091,Changing Lanes,20
1092,Anaconda,33
1093,Coyote Ugly,23
1094,Love Actually,34
1095,A Bug's Life,5
1096,From Hell,26
1097,The Specialist,32
1098,Tin Cup,23
1100,Kicking & Screaming,44
1101,The Hitchhiker's Guide to the Galaxy,15
1102,Fat Albert,25
1103,Resident Evil: Extinction,35
1104,Blended,44
1105,Last Holiday,2
1106,The River Wild,31
1107,The Indian in the Cupboard,28
1108,Savages,46
1109,Cellular,31
1110,Johnny English,15
1111,The Ant Bully,5
1113,Across the Universe,14
1114,Revolutionary Road,14
1115,16 Blocks,32
1116,Babylon A.D.,33
1117,The Glimmer Man,32
1118,Multiplicity,44
1119,Aliens in the Attic,3
1120,The Pledge,13
1121,The Producers,21
1122,Dredd,10
1123,The Phantom,12
1124,All the Pretty Horses,14
1125,Nixon,49
1126,The Ghost Writer,26
1127,Deep Rising,47
1128,Miracle at St. Anna,32
1129,Curse of the Golden Flower,14
1130,Bangkok Dangerous,31
1131,Big Trouble,8
1132,Love in the Time of Cholera,14
1134,Shadow Conspiracy,19
1135,Johnny English Reborn,27
1137,Argo,49
1138,The Fugitive,4
1139,The Bounty Hunter,44
1140,Sleepers,46
1142,The Juror,20
1145,Underworld: Evolution,22
1146,Victor Frankenstein,11
1147,Finding Forrester,37
1148,28 Days,2
1149,Unleashed,32
1150,The Sweetest Thing,44
1151,The Firm,48
1152,Charlie St. Cloud,14
1153,The Mechanic,31
1154,21 Jump Street,27
1155,Notting Hill,34
1156,Chicken Run,41
1157,Along Came Polly,16
1158,Boomerang,23
1159,The Heat,27
1161,Here Comes the Boom,18
1162,High Crimes,13
1163,The Mirror Has Two Faces,23
1164,The Mothman Prophecies,11
1165,Brüno,21
1167,Red Riding Hood,26
1168,15 Minutes,32
1169,Super Mario Bros.,3
1170,Lord of War,46
1171,Hero,47
1172,One for the Money,27
1173,The Interview,21
1174,The Warrior's Way,12
1176,Micmacs,27
1177,8 Mile,28
1179,A Knight's Tale,9
1180,The Medallion,18
1181,The Sixth Sense,48
1182,Man on a Ledge,31
1183,The Big Year,21
1185,American Hustle,17
1186,The Proposal,23
1187,Double Jeopardy,13
1189,Lucy,19
1190,Fifty Shades of Grey,14
1191,Spy Kids 3-D: Game Over,15
1192,A Time to Kill,46
1193,Cheaper by the Dozen,21
1194,Lone Survivor,19
1195,A League of Their Own,28
1196,The Conjuring 2,26
1197,The Social Network,49
1198,He's Just Not That Into You,23
1199,Scary Movie 4,21
1200,Scream 3,1
1201,Back to the Future Part III,15
1202,Get Hard,8
1203,Bram Stoker's Dracula,43
1204,Julie & Julia,0
1205,42,29
1206,The Talented Mr. Ripley,46
1207,Dumb and Dumber To,21
1208,Eight Below,41
1209,The Intern,2
1210,Ride Along 2,18
1211,The Last of the Mohicans,9
1212,Ray,24
1213,Sin City,46
1214,Vantage Point,13
1215,"I Love You, Man",16
1216,Shallow Hal,34
1217,JFK,20
1218,Big Momma's House 2,8
1219,The Mexican,8
1220,Unbroken,29
1221,17 Again,7
1222,The Other Woman,44
1223,The Final Destination,1
1224,Bridge of Spies,20
1225,Behind Enemy Lines,42
1227,Shall We Dance,34
1228,Small Soldiers,15
1229,Spawn,1
1230,The Count of Monte Cristo,9
1231,The Lincoln Lawyer,46
1232,Unknown,19
1233,The Prestige,48
1234,Horrible Bosses 2,8
1235,Escape from Planet Earth,3
1236,Apocalypto,33
1238,Predators,33
1240,Secret Window,26
1241,The Lake House,14
1242,The Skeleton Key,26
1243,The Odd Life of Timothy Green,30
1244,Made of Honor,16
1245,Jersey Boys,24
1246,The Rainmaker,46
1247,Gothika,26
1248,Amistad,37
1249,Medicine Man,9
1250,Aliens vs. Predator: Requiem,35
1251,Ri¢hie Ri¢h,21
1252,Autumn in New York,14
1254,Paul,15
1255,The Guilt Trip,2
1256,Scream 4,1
1257,8MM,26
1258,The Doors,24
1259,Sex Tape,21
1260,Hanging Up,2
1261,Final Destination 5,1
1262,Mickey Blue Eyes,8
1263,Pay It Forward,37
1264,Fever Pitch,23
1266,Drillbit Taylor,2
1267,A Million Ways to Die in the West,21
1268,The Shadow,4
1269,Extremely Loud & Incredibly Close,48
1270,Morning Glory,23
1271,Get Rich or Die Tryin',24
1272,The Art of War,31
1273,Rent,14
1274,Bless the Child,46
1275,The Out-of-Towners,21
1276,The Island of Dr. Moreau,35
1277,The Musketeer,9
1278,The Other Boleyn Girl,0
1279,Sweet November,14
1280,The Reaping,38
1282,Renaissance Man,2
1283,Colombiana,32
1284,The Magic Sword: Quest for Camelot,41
1285,City by the Sea,13
1286,At First Sight,14
1287,Torque,27
1288,City Hall,20
1289,Showgirls,37
1290,Marie Antoinette,0
1291,Kiss of Death,31
1292,Get Carter,32
1293,The Impossible,20
1295,Fantastic Mr. Fox,5
1296,Life or Something Like It,44
1297,Memoirs of an Invisible Man,44
1298,Amélie,44
1299,New York Minute,8
1300,Alfie,16
1301,Big Miracle,0
1302,The Deep End of the Ocean,37
1303,Feardotcom,38
1304,Cirque du Freak: The Vampire's Assistant,12
1305,Victor Frankenstein,11
1306,Duplex,21
1309,Universal Soldier: The Return,10
1310,Pandorum,35
1311,Impostor,48
1312,Extreme Ops,33
1313,Just Visiting,21
1314,Sunshine,6
1315,A Thousand Words,2
1316,Delgo,25
1317,The Gunman,4
1318,Alex Rider: Operation Stormbreaker,33
1319,Disturbia,48
1320,Hackers,40
1321,The Hunting Party,23
1322,The Hudsucker Proxy,21
1323,The Warlords,42
1324,Nomad: The Warrior,42
1325,Snowpiercer,19
1328,The Crow,12
1330,The Time Traveler's Wife,14
1332,The Fast and the Furious,31
1333,Frankenweenie,3
1334,Serenity,33
1335,Against the Ropes,0
1337,Grudge Match,21
1338,Red Cliff,42
1339,Sweet Home Alabama,44
1340,The Ugly Truth,44
1341,Sgt. Bilko,21
1342,Spy Kids 2: Island of Lost Dreams,15
1343,Star Trek: Generations,6
1344,The Grandmaster,49
1345,Water for Elephants,14
1348,The Hurricane,29
1349,Enough,46
1350,Heartbreakers,8
1351,Paul Blart: Mall Cop 2,27
1352,Angel Eyes,14
1353,Joe Somebody,2
1354,The Ninth Gate,26
1355,Extreme Measures,13
1356,Rock Star,24
1357,Precious,37
1358,White Squall,37
1360,Riddick,19
1361,Switchback,13
1362,Texas Rangers,33
1363,City of Ember,45
1364,The Master,37
1366,The Express,29
1367,The 5th Wave,33
1368,Creed,36
1369,The Town,46
1370,What to Expect When You're Expecting,23
1371,Burn After Reading,2
1372,Nim's Island,45
1373,Rush,29
1374,Magnolia,37
1375,Cop Out,27
1376,How to Be Single,44
1377,Dolphin Tale,37
1378,Twilight,14
1379,John Q,46
1380,Blue Streak,27
1381,We're the Millers,8
1383,Breakdown,4
1385,Hot Tub Time Machine,21
1386,Dolphin Tale 2,37
1387,Reindeer Games,9
1388,A Man Apart,32
1389,Aloha,23
1390,Ghosts of Mississippi,37
1391,Snow Falling on Cedars,39
1392,The Rite,11
1393,Gattaca,20
1394,Isn't She Great,44
1395,Space Chimps,3
1396,Head of State,21
1397,The Hangover,21
1398,Ip Man 3,49
1399,Austin Powers: The Spy Who Shagged Me,27
1401,There Be Dragons,49
1402,Lethal Weapon 3,31
1403,The Blind Side,29
1405,Spy Kids,15
1406,Horrible Bosses,8
1407,True Grit,37
1408,The Devil Wears Prada,23
1410,Identity Thief,8
1411,Cape Fear,46
1412,21,46
1413,Trainwreck,44
1414,Guess Who,44
1415,The English Patient,14
1416,L.A. Confidential,13
1417,Sky High,3
1418,In & Out,21
1419,Species,35
1421,The Cell,35
1422,The Man in the Iron Mask,47
1423,Secretariat,29
1424,TMNT,3
1425,Radio,29
1426,Friends with Benefits,44
1427,Neighbors 2: Sorority Rising,21
1428,Saving Mr. Banks,24
1429,Malcolm X,0
1430,This Is 40,21
1431,Old Dogs,21
1432,Underworld: Rise of the Lycans,22
1433,License to Wed,44
1434,The Benchwarmers,44
1435,Must Love Dogs,44
1436,Donnie Brasco,17
1437,Resident Evil,35
1439,The Ladykillers,8
1440,Max Payne,4
1441,In Time,19
1442,The Back-up Plan,44
1443,Something Borrowed,7
1445,Black Knight,45
1447,Street Fighter,33
1448,The Pianist,49
1449,From Hell,26
1450,The Nativity Story,30
1451,House of Wax,1
1452,Closer,14
1453,J. Edgar,17
1454,Mirrors,1
1455,Queen of the Damned,43
1456,Predator 2,35
1457,Untraceable,46
1458,Blast from the Past,23
1460,Jersey Girl,23
1461,Alex Cross,4
1462,Midnight in the Garden of Good and Evil,13
1464,Nanny McPhee Returns,30
1465,Hoffa,17
1466,The X Files: I Want to Believe,48
1467,Ella Enchanted,25
1468,Concussion,29
1469,Abduction,19
1470,Valiant,5
1471,Wonder Boys,2
1472,Superhero Movie,19
1473,Broken City,46
1474,Cursed,21
1475,Premium Rush,31
1476,Hot Pursuit,27
1477,The Four Feathers,9
1478,Parker,31
1479,Wimbledon,44
1480,Furry Vengeance,21
1483,Lions for Lambs,20
1484,Flight of the Intruder,19
1485,Walk Hard: The Dewey Cox Story,21
1486,The Shipping News,37
1487,American Outlaws,10
1488,The Young Victoria,0
1489,Whiteout,4
1490,The Tree of Life,37
1491,Knock Off,18
1492,Sabotage,32
1493,The Order,19
1494,Punisher: War Zone,32
1495,Zoom,47
1496,The Walk,20
1497,Warriors of Virtue,12
1498,A Good Year,23
1500,Radio Flyer,37
1501,"Blood In, Blood Out",17
1502,Smilla's Sense of Snow,19
1503,Femme Fatale,13
1506,Ride with the Devil,28
1511,The Maze Runner,19
1512,Unfinished Business,21
1513,The Age of Innocence,14
1514,The Fountain,37
1515,Chill Factor,33
1516,Stolen,32
1517,Ponyo,45
1518,The Longest Ride,14
1519,The Astronaut's Wife,20
1520,I Dreamed of Africa,9
1521,Playing for Keeps,44
1522,Mandela: Long Walk to Freedom,49
1524,A Few Good Men,20
1525,Exit Wounds,32
1526,Big Momma's House,27
1528,The Darkest Hour,35
1529,Step Up Revolution,14
1530,Snakes on a Plane,32
1531,The Watcher,13
1532,The Punisher,32
1533,Goal! The Dream Begins,36
1534,Safe,31
1535,Pushing Tin,23
1537,Doomsday,19
1538,The Reader,14
1540,Elf,25
1541,Phenomenon,14
1542,Snow Dogs,5
1544,Nacho Libre,21
1545,Bridesmaids,16
1546,This Is the End,21
1547,Stigmata,1
1548,Men of Honor,49
1549,Takers,31
1550,The Big Wedding,21
1551,"Big Mommas: Like Father, Like Son",27
1552,Source Code,6
1553,Alive,20
1554,The Number 23,26
1555,The Young and Prodigious T.S. Spivet,41
1557,Dreamer: Inspired by a True Story,36
1558,A History of Violence,46
1559,Transporter 2,31
1560,The Quick and the Dead,19
1561,Laws of Attraction,44
1562,Bringing Out the Dead,20
1563,Repo Men,31
1564,Dragon Wars: D-War,43
1565,Bogus,30
1566,The Incredible Burt Wonderstone,21
1567,Cats Don't Dance,30
1568,Cradle Will Rock,37
1569,The Good German,48
1572,Going the Distance,44
1573,Mr. Holland's Opus,24
1574,Criminal,4
1576,Flight,20
1578,The Grand Budapest Hotel,40
1579,Hearts in Atlantis,48
1580,Arachnophobia,43
1581,Frequency,13
1582,Ghostbusters,15
1583,Vacation,21
1584,Get Shorty,8
1585,Chicago,8
1586,Big Daddy,2
1587,American Pie 2,21
1588,Toy Story,5
1589,Speed,31
1590,The Vow,14
1591,Extraordinary Measures,37
1592,Remember the Titans,29
1593,The Hunt for Red October,33
1594,Lee Daniels' The Butler,49
1595,Dodgeball: A True Underdog Story,21
1596,The Addams Family,21
1597,Ace Ventura: When Nature Calls,21
1598,The Princess Diaries,44
1599,The First Wives Club,21
1600,Se7en,13
1601,District 9,19
1602,The SpongeBob SquarePants Movie,5
1603,Mystic River,13
1604,Million Dollar Baby,36
1605,Analyze This,8
1606,The Notebook,14
1607,27 Dresses,16
1608,Hannah Montana: The Movie,23
1609,Rugrats in Paris: The Movie,5
1610,The Prince of Tides,14
1611,Legends of the Fall,14
1612,Up in the Air,14
1613,About Schmidt,2
1614,Warm Bodies,44
1615,Looper,32
1616,Down to Earth,21
1617,Babe,2
1618,Hope Springs,23
1619,Forgetting Sarah Marshall,23
1621,Four Brothers,4
1622,Baby Mama,44
1623,Hope Floats,28
1624,Bride Wars,16
1625,Without a Paddle,21
1626,13 Going on 30,25
1627,Midnight in Paris,25
1628,The Nut Job,5
1629,Blow,17
1630,Message in a Bottle,14
1632,Like Mike,30
1633,Naked Gun 33 1/3: The Final Insult,8
1635,The Curse of the Were-Rabbit,3
1636,P.S. I Love You,28
1638,Atonement,39
1639,Letters to Juliet,23
1642,Corpse Bride,30
1644,Sicario,4
1645,Southpaw,36
1646,Drag Me to Hell,38
1647,The Age of Adaline,14
1648,Secondhand Lions,2
1649,Step Up 3D,14
1650,Blue Crush,36
1651,Stranger Than Fiction,25
1652,30 Days of Night,1
1653,The Cabin in the Woods,26
1654,Meet the Spartans,21
1658,Hanna,19
1660,Mortal Kombat: Annihilation,22
1661,Larry Crowne,23
1662,Carrie,43
1663,Take the Lead,24
1665,Gridiron Gang,17
1666,What's the Worst That Could Happen?,8
1667,9,6
1668,Side Effects,46
1670,Winnie the Pooh,5
1671,Dumb and Dumberer: When Harry Met Lloyd,21
1672,Bulworth,23
1673,Get on Up,24
1674,One True Thing,37
1675,Virtuosity,31
1676,My Super Ex-Girlfriend,16
1677,Deliver Us from Evil,26
1678,Sanctum,20
1679,Little Black Book,23
1680,The Five-Year Engagement,44
1681,Mr 3000,23
1682,The Next Three Days,46
1683,Ultraviolet,35
1684,Assault on Precinct 13,32
1685,The Replacement Killers,31
1686,Fled,9
1687,Eight Legged Freaks,18
1688,Love & Other Drugs,23
1689,88 Minutes,13
1690,North Country,37
1691,The Whole Ten Yards,8
1692,Splice,11
1694,Pride and Glory,46
1695,The Cave,38
1696,Alex & Emma,44
1697,Wicker Park,39
1698,Fright Night,21
1699,The New World,0
1700,Wing Commander,47
1701,In Dreams,20
1702,Dragonball: Evolution,22
1703,The Last Stand,31
1704,Godsend,11
1705,Chasing Liberty,44
1706,Hoodwinked Too! Hood vs. Evil,5
1707,An Unfinished Life,28
1708,The Imaginarium of Doctor Parnassus,45
1711,Runner Runner,46
1712,Antitrust,32
1715,Dead Man Down,32
1716,The Merchant of Venice,14
1717,The Good Thief,32
1719,Miss Potter,0
1720,The Promise,12
1721,DOA: Dead or Alive,47
1722,The Assassination of Jesse James by the Coward Robert Ford,49
1723,1911,42
1726,Machine Gun Preacher,17
1734,Pitch Perfect 2,21
1735,Walk the Line,0
1737,Keeping the Faith,23
1738,The Borrowers,45
1739,Frost/Nixon,37
1741,Serving Sara,44
1742,The Boss,21
1744,Mumford,2
1745,Seed of Chucky,43
1746,The Jacket,48
1747,Aladdin,5
1748,Straight Outta Compton,24
1750,The Rugrats Movie,41
1751,Along Came a Spider,46
1753,Once Upon a Time in Mexico,31
1755,Role Models,21
1756,The Big Short,49
1757,Taking Woodstock,2
1758,Miracle,29
1759,Dawn of the Dead,35
1760,The Wedding Planner,44
1762,The Royal Tenenbaums,2
1763,Identity,26
1764,Last Vegas,44
1766,Serendipity,44
1767,Timecop,31
1768,Zoolander,21
1769,Safe Haven,14
1770,Hocus Pocus,30
1771,No Reservations,23
1772,Kick-Ass,18
1773,30 Minutes or Less,27
1774,Dracula 2000,43
1775,"Alexander and the Terrible, Horrible, No Good, Very Bad Day",21
1776,Pride & Prejudice,14
1778,Rob Roy,49
1779,3 Days to Kill,19
1780,We Own the Night,46
1781,Lost Souls,11
1783,Just My Luck,25
1784,"Mystery, Alaska",36
1785,The Spy Next Door,18
1786,A Simple Wish,30
1787,Ghosts of Mars,35
1788,Our Brand Is Crisis,2
1789,Pride and Prejudice and Zombies,1
1790,Kundun,49
1791,How to Lose Friends & Alienate People,23
1792,Kick-Ass 2,27
1794,Brick Mansions,32
1796,Knocked Up,44
1797,My Sister's Keeper,37
1798,"Welcome Home, Roscoe Jenkins",23
1800,Notes on a Scandal,46
1801,Rendition,20
1803,Star Trek VI: The Undiscovered Country,33
1804,Divine Secrets of the Ya-Ya Sisterhood,37
1805,The Jungle Book,45
1806,Kiss the Girls,13
1809,Joyful Noise,21
1810,About a Boy,16
1811,Lake Placid,18
1812,Lucky Number Slevin,13
1814,Anonymous,20
1816,Dark City,48
1817,The Duchess,0
1820,The Newton Boys,17
1821,Case 39,26
1822,Suspect Zero,13
1823,Martian Child,2
1824,Spy Kids: All the Time in the World in 4D,15
1825,Money Monster,46
1826,Formula 51,27
1827,Flawless,40
1828,Mindhunters,26
1829,What Just Happened,2
1830,The Statement,20
1832,Paul Blart: Mall Cop,27
1833,Freaky Friday,25
1834,The 40-Year-Old Virgin,16
1835,Shakespeare in Love,23
1836,A Walk Among the Tombstones,13
1837,Kindergarten Cop,27
1838,Pineapple Express,27
1839,Ever After: A Cinderella Story,23
1840,Open Range,14
1841,Flatliners,11
1844,Red Eye,26
1845,Final Destination 2,38
1846,"O Brother, Where Art Thou?",8
1847,Legion,43
1848,Pain & Gain,40
1849,In Good Company,23
1850,Clockstoppers,15
1852,Brothers,20
1853,Agent Cody Banks 2: Destination London,15
1854,New Year's Eve,44
1855,Original Sin,39
1856,The Raven,13
1857,Welcome to Mooseport,44
1858,Highlander: The Final Dimension,22
1859,Blood and Wine,46
1861,The Curse of the Jade Scorpion,8
1863,Flipper,45
1864,Self/less,19
1865,The Constant Gardener,39
1866,The Passion of the Christ,37
1867,Mrs. Doubtfire,23
1869,Gran Torino,37
1870,W.,49
1871,Taken,19
1872,The Best of Me,14
1873,The Bodyguard,14
1874,Schindler's List,49
1875,The Help,37
1876,The Fifth Estate,20
1877,Scooby-Doo 2: Monsters Unleashed,45
1879,Freddy vs. Jason,35
1881,Jimmy Neutron: Boy Genius,3
1882,Cloverfield,47
1883,Teenage Mutant Ninja Turtles II: The Secret of the Ooze,15
1885,No Country for Old Men,46
1886,Ride Along,27
1887,Bridget Jones's Diary,23
1888,Chocolat,14
1889,"Legally Blonde 2: Red, White & Blonde",21
1890,Parental Guidance,21
1891,No Strings Attached,16
1892,Tombstone,0
1893,Romeo Must Die,31
1895,Final Destination 3,1
1896,The Lucky One,14
1897,Bridge to Terabithia,45
1898,Finding Neverland,49
1899,A Madea Christmas,2
1900,The Grey,33
1901,Hide and Seek,11
1902,Anchorman: The Legend of Ron Burgundy,21
1903,Goodfellas,17
1904,Agent Cody Banks,27
1905,Nanny McPhee,30
1907,Nothing to Lose,27
1909,Contraband,32
1910,Money Talks,27
1911,There Will Be Blood,37
1912,The Wild Thornberrys Movie,5
1913,Rugrats Go Wild,5
1914,Undercover Brother,18
1915,The Sisterhood of the Traveling Pants,16
1916,Kiss of the Dragon,32
1917,The House Bunny,44
1919,Million Dollar Arm,29
1920,The Giver,14
1921,What a Girl Wants,23
1922,Jeepers Creepers II,1
1923,Good Luck Chuck,44
1924,Cradle 2 the Grave,32
1925,The Hours,14
1926,She's the Man,7
1927,Mr. Bean's Holiday,21
1928,Anacondas: The Hunt for the Blood Orchid,33
1929,Blood Ties,46
1930,August Rush,24
1931,Elizabeth,49
1932,Bride of Chucky,25
1934,Spice World,21
1936,Dance Flick,18
1937,The Shawshank Redemption,17
1938,Crocodile Dundee in Los Angeles,8
1939,Kingpin,21
1940,The Gambler,46
1941,August: Osage County,37
1943,A Lot Like Love,34
1944,Eddie the Eagle,29
1945,He Got Game,36
1946,Don Juan DeMarco,23
1949,The Losers,4
1950,Don't Be Afraid of the Dark,43
1951,War,31
1952,Punch-Drunk Love,34
1953,EuroTrip,21
1954,Half Past Dead,31
1955,Unaccompanied Minors,5
1957,The Adventures of Pinocchio,45
1959,The Box,48
1960,The Ruins,1
1961,The Next Best Thing,16
1962,My Soul to Take,26
1963,The Girl Next Door,23
1964,Maximum Risk,4
1965,Stealing Harvard,8
1966,Legend,46
1968,Shark Night 3D,38
1969,Angela's Ashes,37
1970,Draft Day,36
1973,The Conspirator,17
1974,Lords of Dogtown,29
1975,The 33,49
1978,Warrior,36
1979,Michael Collins,20
1980,Gettysburg,42
1981,Stop-Loss,28
1982,Abandon,39
1983,Brokedown Palace,48
1984,The Possession,38
1985,Mrs. Winterbourne,34
1986,Straw Dogs,19
1987,The Hoax,2
1988,Stone Cold,32
1989,The Road,37
1991,Underclassman,32
1992,Say It Isn't So,44
1993,The World's Fastest Indian,29
1994,Snakes on a Plane,32
1995,Tank Girl,15
1996,King's Ransom,8
1997,Blindness,48
1998,BloodRayne,12
2000,Where the Truth Lies,13
2002,Without Limits,29
2003,Me and Orson Welles,37
2004,The Best Offer,39
2005,Bad Lieutenant: Port of Call New Orleans,17
2007,Little White Lies,34
2008,Love Ranch,23
2011,The Counselor,46
2017,On the Road,37
2019,Rocky Balboa,36
2020,Point Break,31
2021,Scream 2,1
2022,Jane Got a Gun,10
2023,Think Like a Man Too,44
2024,The Whole Nine Yards,8
2026,Old School,21
2027,The Fisher King,28
2028,I Still Know What You Did Last Summer,1
2029,Return to Me,23
2030,Zack and Miri Make a Porno,16
2031,Nurse Betty,40
2032,The Men Who Stare at Goats,21
2033,Double Take,27
2034,"Girl, Interrupted",49
2035,Win a Date with Tad Hamilton!,16
2036,Muppets from Space,3
2038,Ready to Rumble,21
2039,Play It to the Bone,28
2040,I Don't Know How She Does It,44
2041,Piranha 3D,21
2042,Beyond the Sea,24
2044,The Princess and the Cobbler,12
2045,The Bridge of San Luis Rey,14
2046,Faster,32
2047,Howl's Moving Castle,45
2048,Zombieland,15
2049,King Kong,9
2050,The Waterboy,21
2052,Bad Boys,32
2053,The Naked Gun 2½: The Smell of Fear,8
2054,Final Destination,38
2055,The Ides of March,37
2056,Pitch Black,1
2057,Someone Like You...,44
2058,Her,14
2059,Eddie the Eagle,29
2060,Joy Ride,26
2061,The Adventurer: The Curse of the Midas Box,45
2062,Anywhere But Here,2
2063,Chasing Liberty,44
2064,The Crew,8
2065,Haywire,19
2067,Marvin's Room,37
2068,The Longshots,29
2069,The End of the Affair,14
2070,Harley Davidson and the Marlboro Man,32
2072,Coco Before Chanel,49
2074,Chéri,23
2076,Vanity Fair,37
2078,1408,43
2080,The Water Diviner,42
2081,Ghost,39
2082,There's Something About Mary,7
2083,The Santa Clause,30
2084,The Rookie,36
2085,The Game Plan,21
2086,The Bridges of Madison County,14
2087,The Animal,21
2089,The Hundred-Foot Journey,2
2090,The Net,4
2091,I Am Sam,37
2092,Son of God,49
2093,Underworld,19
2094,Derailed,20
2095,The Informant!,40
2096,Shadowlands,0
2097,Deuce Bigalow: European Gigolo,21
2098,Delivery Man,2
2099,Victor Frankenstein,11
2101,Saving Silverman,16
2102,Diary of a Wimpy Kid: Dog Days,21
2103,Summer of Sam,46
2104,Jay and Silent Bob Strike Back,21
2105,The Island,33
2106,The Glass House,13
2107,"Hail, Caesar!",21
2108,Josie and the Pussycats,21
2109,Homefront,32
2110,The Little Vampire,45
2111,I Heart Huckabees,21
2112,RoboCop 3,31
2113,Megiddo: The Omega Code 2,22
2115,Dudley Do-Right,44
2116,The Transporter Refueled,31
2118,Black Book,20
2119,Joyeux Noel,42
2120,Hit and Run,44
2121,Mad Money,8
2122,Before I Go to Sleep,48
2124,Stone,20
2125,Molière,21
2126,Out of the Furnace,46
2127,Michael Clayton,13
2128,My Fellow Americans,21
2129,Arlington Road,46
2131,To Rome with Love,44
2133,South Park: Bigger Longer & Uncut,30
2134,Death at a Funeral,21
2135,Teenage Mutant Ninja Turtles III,3
2136,Hardball,36
2137,Silver Linings Playbook,23
2138,Freedom Writers,17
2140,The Transporter,31
2141,Never Back Down,36
2142,The Rage: Carrie 2,35
2144,Away We Go,34
2145,Swing Vote,2
2146,Moonlight Mile,14
2147,Tinker Tailor Soldier Spy,48
2148,Molly,23
2149,The Beaver,37
2151,eXistenZ,35
2153,Home Alone 2: Lost in New York,5
2155,Pulse,11
2157,Bringing Down the House,21
2158,The Silence of the Lambs,46
2159,Wayne's World,21
2160,Jackass 3D,18
2162,Beverly Hills Chihuahua,41
2163,The Conjuring,26
2164,Are We There Yet?,5
2165,Tammy,21
2166,Disturbia,48
2167,School of Rock,21
2168,Mortal Kombat,22
2169,Wicker Park,39
2170,White Chicks,8
2171,The Descendants,2
2172,Holes,41
2173,The Last Song,14
2174,12 Years a Slave,49
2175,Drumline,23
2176,Why Did I Get Married Too?,23
2177,Edward Scissorhands,25
2178,Me Before You,14
2179,Madea's Witness Protection,40
2182,Date Movie,44
2183,Return to Never Land,45
2184,Selma,49
2185,The Jungle Book 2,5
2186,Boogeyman,11
2187,Premonition,48
2188,The Tigger Movie,41
2190,Max,45
2192,Epic Movie,21
2194,Spotlight,49
2195,Lakeview Terrace,46
2196,The Grudge 2,38
2197,How Stella Got Her Groove Back,23
2198,Bill & Ted's Bogus Journey,15
2199,Man of the Year,23
2201,The American,46
2202,Selena,24
2203,Vampires Suck,21
2204,Babel,37
2205,This Is Where I Leave You,2
2206,Doubt,48
2207,Team America: World Police,18
2208,Texas Chainsaw 3D,38
2209,Copycat,13
2210,Scary Movie 5,21
2212,Milk,49
2213,Risen,9
2214,Ghost Ship,1
2215,A Very Harold & Kumar 3D Christmas,21
2216,Wild Things,13
2218,The Debt,20
2219,High Fidelity,23
2220,One Missed Call,1
2221,Eye for an Eye,46
2222,The Bank Job,46
2223,Eternal Sunshine of the Spotless Mind,14
2224,You Again,44
2225,Street Kings,32
2226,The World's End,15
2227,Nancy Drew,13
2228,Daybreakers,35
2229,She's Out of My League,44
2230,Monte Carlo,5
2231,Stay Alive,38
2232,Quigley Down Under,9
2233,Alpha and Omega,5
2234,The Covenant,43
2236,Shorts,30
2237,To Die For,40
2240,Vampires,35
2243,My Best Friend's Girl,44
2244,Endless Love,14
2245,Georgia Rule,2
2248,Simon Birch,28
2249,Reign Over Me,37
2250,Into the Wild,49
2251,School for Scoundrels,21
2252,Silent Hill: Revelation 3D,11
2253,From Dusk Till Dawn,43
2254,Pooh's Heffalump Movie,30
2255,Home for the Holidays,23
2256,Kung Fu Hustle,27
2258,The Country Bears,21
2259,The Kite Runner,28
2260,21 Grams,37
2261,Paparazzi,32
2262,Twilight,14
2263,A Guy Thing,44
2264,Loser,44
2268,Disaster Movie,21
2269,Armored,31
2270,The Man Who Knew Too Little,27
2271,What's Your Number?,16
2272,Lockout,33
2273,Envy,21
2274,Crank: High Voltage,31
2275,Bullets Over Broadway,8
2276,One Night with the King,49
2277,The Quiet American,39
2278,The Weather Man,2
2279,Undisputed,17
2280,Ghost Town,25
2281,12 Rounds,31
2282,Let Me In,11
2283,3 Ninjas Kick Back,18
2284,Be Kind Rewind,21
2285,Mrs Henderson Presents,28
2286,Triple 9,32
2287,Deconstructing Harry,21
2288,Three to Tango,44
2289,Burnt,2
2291,Everyone Says I Love You,44
2292,Death at a Funeral,21
2293,Death Sentence,31
2294,Everybody's Fine,37
2295,Superbabies: Baby Geniuses 2,3
2296,The Man,27
2297,Code Name: The Cleaner,27
2298,Connie and Carla,8
2300,Inherent Vice,16
2301,Doogal,5
2302,Battle of the Year,24
2304,An American Carol,21
2305,Machete Kills,27
2306,Willard,11
2307,Strange Wilderness,21
2308,Topsy-Turvy,24
2310,A Dangerous Method,20
2311,A Scanner Darkly,48
2312,Chasing Mavericks,29
2313,Alone in the Dark,1
2314,Bandslam,7
2315,Birth,39
2316,A Most Violent Year,32
2318,Flash of Genius,49
2319,I'm Not There.,24
2320,The Cold Light of Day,19
2321,The Brothers Bloom,34
2322,"Synecdoche, New York",23
2324,Bon voyage,39
2326,The Proposition,17
2327,Courage,29
2328,Marci X,21
2329,Equilibrium,19
2330,The Children of Huang Shi,37
2331,The Yards,46
2333,By the Sea,14
2335,The Game of Their Lives,36
2337,Rapa Nui,9
2340,Dylan Dog: Dead of Night,35
2341,People I Know,17
2343,The Tempest,25
2354,The Painted Veil,14
2355,The Baader Meinhof Complex,17
2356,Dances with Wolves,28
2357,Bad Teacher,21
2359,A Cinderella Story,44
2360,Scream,1
2361,Thir13en Ghosts,1
2364,House on Haunted Hill,26
2365,I Can Do Bad All by Myself,2
2367,The Switch,16
2368,Just Married,44
2369,The Devil's Double,20
2371,Thomas and the Magic Railroad,41
2372,The Crazies,38
2373,Spirited Away,45
2376,The Book Thief,37
2377,Sex Drive,16
2378,Leap Year,44
2380,Take Me Home Tonight,16
2382,The Nutcracker,30
2383,Kansas City,46
2385,The Amityville Horror,11
2386,Adaptation.,2
2387,Land of the Dead,1
2389,Fear and Loathing in Las Vegas,2
2390,The Invention of Lying,25
2391,Neighbors,16
2392,The Mask,27
2394,Borat: Cultural Learnings of America for Make Benefit Glorious Nation of Kazakhstan,21
2395,Legally Blonde,7
2397,The Exorcism of Emily Rose,11
2398,Deuce Bigalow: Male Gigolo,44
2399,Left Behind,48
2400,The Family Stone,23
2401,Barbershop 2: Back in Business,2
2402,Bad Santa,40
2403,Austin Powers: International Man of Mystery,8
2404,My Big Fat Greek Wedding 2,44
2405,Diary of a Wimpy Kid: Rodrick Rules,21
2408,Prom Night,1
2409,Mean Girls,21
2410,Under the Tuscan Sun,23
2411,Gosford Park,48
2414,Birdman or (The Unexpected Virtue of Ignorance),23
2415,Blue Jasmine,37
2416,United 93,20
2417,Honey,14
2419,Spy Hard,18
2421,Soul Surfer,29
2423,Observe and Report,40
2426,Love Happens,14
2428,Fame,7
2429,127 Hours,20
2430,Small Time Crooks,8
2431,Center Stage,14
2432,Love the Coopers,21
2433,Catch That Kid,8
2434,Life as a House,37
2435,Steve Jobs,49
2436,"I Love You, Beth Cooper",44
2437,Youth in Revolt,34
2439,The Tailor of Panama,20
2441,Getaway,31
2442,The Ice Storm,37
2443,And So It Goes,23
2445,Being Julia,23
2448,The Last Station,0
2449,Ed Wood,28
2450,Labor Day,37
2451,Mongol: The Rise of Genghis Khan,49
2452,RocknRolla,31
2454,Hamlet,37
2456,Midnight Special,6
2457,Anything Else,44
2458,The Railway Man,0
2460,The White Ribbon,48
2463,The Salton Sea,13
2468,One Man's Hero,42
2471,Renaissance,19
2475,Superbad,21
2478,Step Up 2: The Streets,14
2479,Hoodwinked!,27
2480,Hotel Rwanda,42
2481,Hitman,32
2482,Black Nativity,24
2484,City of Ghosts,46
2485,The Others,43
2488,I Know What You Did Last Summer,26
2489,Let's Be Cops,16
2490,Sideways,23
2491,Beerfest,21
2493,Hero,47
2494,Good Boy!,30
2495,The Best Man Holiday,2
2496,Smokin' Aces,32
2497,Saw 3D: The Final Chapter,1
2498,40 Days and 40 Nights,44
2499,TRON: Legacy,47
2500,A Night at the Roxbury,44
2501,Beastly,14
2502,The Hills Have Eyes,1
2503,Dickie Roberts: Former Child Star,21
2504,"McFarland, USA",29
2507,Pitch Perfect,44
2508,Summer Catch,23
2509,A Simple Plan,46
2510,They,26
2511,Larry the Cable Guy: Health Inspector,44
2512,The Adventures of Elmo in Grouchland,45
2513,Brooklyn's Finest,46
2515,Evil Dead,1
2516,My Life in Ruins,44
2517,American Dreamz,21
2520,Running Scared,32
2523,The Illusionist,39
2525,Veronica Guerin,46
2527,Southland Tales,6
2530,The Apparition,38
2531,My Girl,16
2532,Fur: An Imaginary Portrait of Diane Arbus,0
2533,The Illusionist,39
2535,Sense and Sensibility,14
2536,Becoming Jane,0
2537,Sydney White,44
2538,House of Sand and Fog,37
2540,Dumb & Dumber,16
2543,Road Trip,21
2544,Varsity Blues,23
2545,The Artist,23
2546,The Unborn,11
2547,Moonrise Kingdom,34
2548,The Texas Chainsaw Massacre: The Beginning,1
2549,The Young Messiah,37
2550,The Master of Disguise,21
2551,Pan's Labyrinth,37
2553,See Spot Run,27
2554,Baby Boy,46
2555,The Roommate,11
2556,Joe Dirt,2
2557,Double Impact,27
2558,Hot Fuzz,18
2559,The Women,2
2560,Vicky Cristina Barcelona,14
2563,Boys and Girls,16
2564,White Oleander,37
2565,Jennifer's Body,43
2566,Drowning Mona,8
2568,Left Behind,48
2569,Remember Me,14
2570,How to Deal,7
2572,Philadelphia,37
2573,The Thirteenth Floor,6
2576,Duets,2
2577,Hollywood Ending,44
2578,Detroit Rock City,21
2580,Things We Lost in the Fire,28
2581,Steel,10
2582,The Immigrant,14
2583,The White Countess,42
2584,Trance,13
2585,Soul Plane,21
2587,Good,14
2588,Enter the Void,37
2589,Vamps,44
2592,The Homesman,37
2593,Juwanna Mann,23
2597,Slow Burn,48
2598,Wasabi,32
2599,Slither,21
2601,Home Alone,21
2605,"Crouching Tiger, Hidden Dragon",14
2606,American Beauty,37
2607,The King's Speech,0
2610,The Yellow Handkerchief,14
2614,The Imitation Game,20
2617,Diary of a Wimpy Kid,21
2618,Mama,43
2621,Bad Grandpa,21
2622,The Queen,49
2624,Why Did I Get Married?,2
2625,Little Women,14
2626,The Woman in Black,11
2627,When a Stranger Calls,38
2628,Big Fat Liar,5
2630,Wag the Dog,2
2631,The Lizzie McGuire Movie,16
2632,Snitch,19
2633,Krampus,43
2634,The Faculty,1
2636,Cop Land,46
2637,Not Another Teen Movie,21
2638,End of Watch,46
2639,Aloha,23
2640,The Skulls,32
2641,The Theory of Everything,0
2642,Malibu's Most Wanted,8
2643,Where the Heart Is,23
2645,Halloween II,1
2646,Wild,49
2647,The Last House on the Left,38
2648,The Wedding Date,44
2649,Halloween: Resurrection,38
2650,Clash of the Titans,12
2652,The Great Debaters,49
2653,Drive,17
2654,Confessions of a Teenage Drama Queen,16
2655,The Object of My Affection,23
2656,28 Weeks Later,11
2657,When the Game Stands Tall,36
2658,Because of Winn-Dixie,2
2659,Love & Basketball,36
2660,Grosse Pointe Blank,27
2661,All About Steve,44
2662,Book of Shadows: Blair Witch 2,26
2663,The Craft,11
2664,Match Point,14
2665,Ramona and Beezus,45
2666,The Remains of the Day,14
2667,Boogie Nights,37
2668,Nowhere to Run,32
2669,Flicka,41
2670,The Hills Have Eyes II,1
2671,Urban Legends: Final Cut,26
2672,Tuck Everlasting,14
2673,The Marine,19
2674,Keanu,18
2675,Country Strong,24
2676,Disturbing Behavior,26
2677,The Place Beyond the Pines,46
2678,The November Man,31
2679,Eye of the Beholder,48
2680,The Hurt Locker,42
2682,Killing Them Softly,46
2683,A Most Wanted Man,46
2684,Freddy Got Fingered,21
2685,The Pirates Who Don't Do Anything: A VeggieTales Movie,5
2687,Highlander: Endgame,22
2688,Idlewild,14
2689,One Day,34
2690,Whip It,36
2692,Confidence,46
2693,The Muse,21
2694,De-Lovely,24
2696,Barney's Great Adventure,45
2697,The Man with the Iron Fists,10
2698,Home Fries,23
2699,Here on Earth,14
2701,Raise Your Voice,7
2703,The Big Lebowski,8
2704,Black Snake Moan,24
2705,Dark Blue,46
2706,A Mighty Heart,49
2707,Whatever It Takes,23
2708,Boat Trip,21
2709,The Importance of Being Earnest,34
2711,Hoot,5
2712,In Bruges,40
2713,Peeples,44
2714,The Rocker,21
2715,Post Grad,44
2716,Promised Land,37
2717,Whatever Works,44
2718,The In Crowd,48
2719,Three Burials,17
2720,Jakob the Liar,37
2721,Kiss Kiss Bang Bang,8
2722,Idle Hands,43
2723,Mulholland Drive,48
2725,You Will Meet a Tall Dark Stranger,23
2726,Never Let Me Go,14
2728,Transsiberian,13
2730,Crazy in Alabama,40
2731,Funny Games,46
2735,District B13,31
2736,Things to Do in Denver When You're Dead,17
2737,The Assassin,10
2738,Buffalo Soldiers,40
2740,Ong-bak 2,10
2743,The Midnight Meat Train,43
2745,The Son of No One,46
2746,All the Queen's Men,42
2747,The Good Night,25
2755,Groundhog Day,25
2756,Magic Mike XXL,28
2757,Romeo + Juliet,14
2758,Sarah's Key,37
2760,Unforgiven,37
2761,Manderlay,37
2762,Slumdog Millionaire,14
2764,Pretty Woman,44
2769,Cool Runnings,5
2770,My Bloody Valentine,38
2771,The Possession,38
2773,Stomp the Yard,14
2776,Urban Legend,26
2779,White Fang,28
2780,Superstar,7
2781,The Iron Lady,49
2782,Jonah: A VeggieTales Movie,41
2783,Poetic Justice,14
2784,All About the Benjamins,27
2785,Vampire in Brooklyn,25
2787,An American Haunting,26
2788,My Boss's Daughter,44
2789,A Perfect Getaway,26
2790,Our Family Wedding,44
2791,Dead Man on Campus,21
2792,Tea with Mussolini,2
2793,Thinner,43
2795,Crooklyn,2
2797,Jason X,35
2798,Big Fat Liar,5
2799,Bobby,28
2800,Head Over Heels,44
2801,Fun Size,21
2803,Little Children,14
2804,Gossip,48
2805,A Walk on the Moon,37
2806,Catch a Fire,49
2807,Soul Survivors,11
2808,Jefferson in Paris,0
2811,Mr. Turner,49
2813,Amen.,17
2815,The Lucky Ones,2
2816,Margaret,37
2818,Flipped,34
2819,Brokeback Mountain,14
2820,Teenage Mutant Ninja Turtles,15
2821,Clueless,7
2822,Far from Heaven,14
2823,Hot Tub Time Machine 2,21
2825,Quills,49
2826,Seven Psychopaths,8
2829,Downfall,49
2830,The Sea Inside,0
2833,The Last Godfather,21
2834,Justin Bieber: Never Say Never,28
2835,Black Swan,20
2836,RoboCop,31
2838,Save the Last Dance,14
2840,Miracles from Heaven,37
2841,"Dude, Where's My Car?",21
2843,St. Vincent,2
2844,About Last Night,16
2845,10 Things I Hate About You,7
2846,The New Guy,21
2847,Loaded Weapon 1,27
2848,The Shallows,11
2849,The Butterfly Effect,6
2850,Snow Day,5
2851,This Christmas,23
2852,Baby Geniuses,8
2853,The Big Hit,27
2854,Harriet the Spy,2
2855,Child's Play 2,43
2856,No Good Deed,46
2857,The Mist,1
2858,Ex Machina,48
2859,Being John Malkovich,2
2860,Two Can Play That Game,44
2861,Earth to Echo,3
2862,Crazy/Beautiful,14
2863,Letters from Iwo Jima,42
2864,The Astronaut Farmer,37
2866,Room,37
2867,Dirty Work,21
2868,Serial Mom,8
2869,Dick,21
2871,Light It Up,20
2872,54,24
2873,Bubble Boy,15
2874,Birthday Girl,8
2875,21 & Over,21
2876,"Paris, je t'aime",23
2877,Resurrecting the Champ,36
2878,Admission,23
2879,The Widow of Saint-Pierre,14
2880,Chloe,39
2881,Faithful,40
2882,Brothers,20
2883,Find Me Guilty,40
2884,The Perks of Being a Wallflower,14
2885,Excessive Force,10
2886,Infamous,17
2887,The Claim,14
2888,The Vatican Tapes,38
2889,Attack the Block,15
2890,In the Land of Blood and Honey,14
2891,The Call,46
2893,The Crocodile Hunter: Collision Course,15
2894,I Love You Phillip Morris,40
2896,Antwone Fisher,49
2897,The Emperor's Club,37
2898,True Romance,32
2900,Glengarry Glen Ross,17
2901,The Killer Inside Me,46
2903,Sorority Row,1
2905,Lars and the Real Girl,34
2906,The Boy in the Striped Pajamas,37
2907,Dancer in the Dark,17
2908,Oscar and Lucinda,14
2909,The Funeral,17
2910,Solitary Man,34
2911,Machete,31
2912,Casino Jack,40
2914,Tae Guk Gi: The Brotherhood of War,42
2915,The Perfect Game,36
2918,American Pie,21
2919,Ernest & Celestine,40
2921,Think Like a Man,44
2922,Barbershop,2
2924,Ace Ventura: Pet Detective,21
2927,Act of Valor,33
2928,Step Up,14
2929,Beavis and Butt-Head Do America,8
2930,Jackie Brown,46
2931,Harold & Kumar Escape from Guantanamo Bay,21
2932,Chronicle,20
2935,Crossroads,34
2936,Project X,8
2938,One Hour Photo,20
2939,Quarantine,35
2940,The Eye,1
2941,Johnson Family Vacation,21
2942,How High,21
2943,The Muppet Christmas Carol,30
2944,Casino Royale,33
2945,Frida,0
2946,Katy Perry: Part of Me,24
2947,The Fault in Our Stars,34
2948,Rounders,17
2949,Top Five,44
2951,Stir of Echoes,26
2953,Philomena,49
2954,The Upside of Anger,2
2956,Aquamarine,25
2957,Paper Towns,28
2959,Nebraska,2
2960,Tales from the Crypt: Demon Knight,43
2961,Max Keeble's Big Move,8
2962,Young Adult,2
2963,Crank,31
2965,Living Out Loud,23
2971,The Alamo,42
2972,Sorority Boys,21
2973,About Time,28
2974,House of Flying Daggers,9
2975,Arbitrage,20
2976,Project Almanac,6
2977,Cadillac Records,24
2978,Screwed,8
2979,Fortress,31
2980,For Your Consideration,21
2981,Celebrity,2
2982,Running with Scissors,2
2983,From Justin to Kelly,44
2984,Girl 6,2
2985,In the Cut,26
2986,Two Lovers,14
2987,Last Orders,28
2990,Ravenous,43
2991,Charlie Bartlett,7
2992,The Great Beauty,37
2993,The Dangerous Lives of Altar Boys,28
2994,Stoker,20
2995,2046,14
2996,Married Life,28
2997,Duma,41
2998,Ondine,39
2999,Brother,46
3000,Welcome to Collinwood,8
3001,Critical Care,2
3002,The Life Before Her Eyes,48
3004,Trade,46
3006,Breakfast of Champions,21
3009,City of Life and Death,42
3010,Home,3
3013,5 Days of War,42
3017,Snatch,8
3025,Dirty Grandpa,21
3028,High School Musical 3: Senior Year,7
3029,The Fighter,29
3031,My Cousin Vinny,8
3032,If I Stay,14
3036,Phone Booth,46
3037,A Walk to Remember,14
3038,Dead Man Walking,17
3039,Cruel Intentions,14
3040,Saw VI,1
3042,The Secret Life of Bees,37
3043,Corky Romano,8
3044,Raising Cain,46
3047,Brooklyn,14
3049,Out Cold,21
3050,The Ladies Man,21
3051,Quartet,2
3052,Tomcats,21
3053,Frailty,46
3054,Woman in Gold,49
3055,Kinsey,49
3056,Army of Darkness,43
3057,Slackers,44
3058,What's Eating Gilbert Grape,14
3059,The Visual Bible: The Gospel of John,49
3060,Vera Drake,17
3061,The Guru,44
3062,The Perez Family,34
3063,Inside Llewyn Davis,28
3064,O,14
3065,Return to the Blue Lagoon,9
3068,Copying Beethoven,24
3071,Saw V,1
3074,Jindabyne,13
3075,Kabhi Alvida Naa Kehna,37
3076,An Ideal Husband,44
3077,The Last Days on Mars,35
3078,Darkness,1
3081,In the Land of Women,34
3087,For Greater Glory: The True Story of Cristiada,42
3089,Good Will Hunting,28
3091,Saw III,1
3093,Bring It On,21
3094,The Purge: Election Year,35
3095,She's All That,7
3096,Precious,37
3097,Saw IV,1
3098,White Noise,11
3099,Madea's Family Reunion,23
3102,The Mighty Ducks,36
3103,The Grudge,26
3104,Happy Gilmore,21
3105,Jeepers Creepers,1
3108,The Best Exotic Marigold Hotel,2
3109,Recess: School's Out,3
3112,The Boy,26
3113,Devil,26
3114,Friday After Next,2
3115,Insidious: Chapter 3,43
3117,Snatch,8
3118,The Lawnmower Man,1
3119,Nick and Norah's Infinite Playlist,34
3120,Dogma,41
3121,The Banger Sisters,2
3124,A Low Down Dirty Shame,27
3125,Swimfan,20
3126,Employee of the Month,44
3127,Can't Hardly Wait,7
3131,Sinister 2,26
3132,Sparkle,24
3133,Valentine,26
3134,The Fourth Kind,6
3135,A Prairie Home Companion,2
3136,Sugar Hill,20
3139,Rushmore,28
3140,Skyline,19
3141,The Second Best Exotic Marigold Hotel,2
3142,Kit Kittredge: An American Girl,37
3143,The Perfect Man,44
3144,Mo' Better Blues,28
3145,Kung Pow: Enter the Fist,18
3146,Tremors,21
3147,Wrong Turn,38
3149,The Corruptor,4
3150,Mud,37
3151,Reno 911!: Miami,8
3152,One Direction: This Is Us,24
3154,Hey Arnold! The Movie,5
3155,My Week with Marilyn,49
3156,The Matador,40
3157,Love Jones,28
3158,The Gift,26
3159,End of the Spear,37
3160,Get Over It,7
3161,Office Space,21
3162,Drop Dead Gorgeous,44
3163,Big Eyes,0
3164,Very Bad Things,8
3165,Sleepover,16
3167,MacGruber,44
3168,Dirty Pretty Things,46
3169,Movie 43,21
3170,The Tourist,19
3171,Over Her Dead Body,25
3172,Seeking a Friend for the End of the World,23
3175,American History X,17
3176,The Collection,35
3177,Teacher's Pet,30
3178,The Red Violin,39
3179,The Straight Story,49
3180,Deuces Wild,17
3181,Bad Words,2
3184,Black or White,37
3185,On the Line,44
3186,Rescue Dawn,49
3188,"Jeff, Who Lives at Home",2
3189,I Am Love,28
3190,Atlas Shrugged II: The Strike,48
3191,Romeo Is Bleeding,32
3192,The Limey,13
3193,Crash,46
3194,The House of Mirth,14
3196,Peaceful Warrior,36
3197,Bucky Larson: Born to Be a Star,21
3198,Bamboozled,2
3199,The Forest,26
3201,While We're Young,2
3202,A Better Life,14
3203,Spider,48
3204,Gun Shy,8
3205,Nicholas Nickleby,28
3206,The Iceman,17
3209,Cecil B. DeMented,8
3210,Killer Joe,46
3211,The Joneses,2
3212,Owning Mahowny,46
3213,The Brothers Solomon,21
3214,My Blueberry Nights,14
3216,Swept Away,44
3217,"War, Inc.",18
3218,Shaolin Soccer,18
3219,The Brown Bunny,28
3221,Rosewater,49
3224,Imaginary Heroes,2
3225,High Heels and Low Lifes,2
3227,Severance,38
3228,Edmond,20
3230,Police Academy: Mission to Moscow,8
3234,An Alan Smithee Film: Burn Hollywood Burn,21
3235,The Open Road,2
3236,The Good Guy,16
3237,Motherhood,2
3241,Blonde Ambition,44
3242,The Oxford Murders,13
3244,Eulogy,2
3255,"The Good, the Bad, the Weird",15
3259,The Lost City,14
3260,Next Friday,21
3264,Amour,14
3271,Richard III,37
3274,Melancholia,37
3276,Jab Tak Hai Jaan,14
3279,The Runaways,24
3284,Set It Off,32
3285,The Best Man,2
3287,Sicko,37
3288,The Purge: Anarchy,35
3289,Down to You,23
3290,Harold & Kumar Go to White Castle,21
3291,The Contender,20
3292,Boiler Room,46
3294,Black Christmas,1
3299,The Way of the Gun,32
3300,Igby Goes Down,2
3301,PCU,21
3305,Gracie,29
3306,Trust the Man,23
3307,Hamlet 2,21
3310,Glee: The 3D Concert Movie,24
3311,The Legend of Suriyothai,42
3312,Two Evil Eyes,1
3314,All or Nothing,37
3315,Princess Kaiulani,37
3316,Opal Dream,28
3318,Flame and Citron,42
3319,Undiscovered,44
3328,Awake,13
3330,Skin Trade,31
3332,Crazy Heart,14
3334,Baggage Claim,21
3337,Election,2
3339,The DUFF,21
3340,Glitter,14
3343,Bright Star,0
3344,My Name Is Khan,20
3347,Limbo,20
3353,Repo! The Genetic Opera,1
3355,Pulp Fiction,17
3357,Nightcrawler,46
3358,Club Dread,38
3361,Little Miss Sunshine,2
3363,28 Days Later...,11
3364,You Got Served,28
3366,Brown Sugar,23
3367,A Thin Line Between Love and Hate,40
3368,50/50,16
3369,Shutter,26
3371,That Awkward Moment,44
3374,Much Ado About Nothing,23
3377,New Nightmare,26
3378,Drive Me Crazy,7
3380,Half Baked,8
3381,New in Town,44
3382,Syriana,20
3383,American Psycho,17
3384,The Good Girl,14
3386,The Boondock Saints II: All Saints Day,31
3388,Enough Said,23
3389,Easy A,7
3391,Shadow of the Vampire,37
3392,Prom,2
3394,Held Up,21
3395,Woman on Top,25
3398,Anomalisa,23
3399,Another Year,28
3400,8 Women,8
3401,Showdown in Little Tokyo,27
3402,Clay Pigeons,8
3403,It's Kind of a Funny Story,23
3404,Made in Dagenham,49
3405,When Did You Last See Your Father?,49
3406,Prefontaine,0
3408,The Secret of Kells,45
3409,Begin Again,24
3410,Down in the Valley,14
3411,Brooklyn Rules,28
3413,The Singing Detective,8
3415,Fido,2
3416,The Wendell Baker Story,23
3417,Wild Target,27
3418,Pathology,38
3420,10th & Wolf,46
3421,Dear Wendy,34
3428,Imagine Me & You,34
3435,Soul Food,2
3436,Rumble in the Bronx,18
3438,Thank You for Smoking,2
3439,Hostel: Part II,1
3440,An Education,37
3443,Narc,13
3444,Men with Brooms,23
3445,Witless Protection,8
3447,Extract,8
3450,Code 46,14
3452,Crash,46
3453,Albert Nobbs,37
3456,Persepolis,49
3459,The Neon Demon,38
3460,Harry Brown,32
3461,Spider-Man 3,9
3462,The Omega Code,22
3463,Juno,7
3468,500 Days of Summer,34
3469,The Piano,14
3470,Magic Mike,2
3471,Darkness Falls,26
3473,My Dog Skip,36
3475,Jumping the Broom,2
3476,The Great Gatsby,14
3477,"Good Night, and Good Luck.",49
3478,Capote,17
3479,Desperado,31
3480,The Claim,14
3485,The Descent,38
3487,Devil's Due,1
3488,Flirting with Disaster,21
3489,The Devil's Rejects,1
3491,Dope,40
3492,In Too Deep,46
3493,Skyfall,33
3494,House of 1000 Corpses,1
3496,A Serious Man,2
3497,Get Low,48
3500,A Single Man,14
3502,Outside Providence,16
3503,Bride & Prejudice,23
3504,Rabbit-Proof Fence,49
3505,Who's Your Caddy?,21
3506,Split Second,35
3508,The Other Side of Heaven,49
3511,Redbelt,36
3512,Cyrus,23
3513,A Dog of Flanders,37
3514,Auto Focus,17
3515,Factory Girl,49
3516,We Need to Talk About Kevin,20
3518,The Mighty Macs,36
3520,Mother and Child,14
3522,Les visiteurs,21
3523,Somewhere,2
3525,Chairman of the Board,21
3526,Hesher,37
3529,The Heart of Me,14
3530,Freeheld,0
3531,The Extra Man,21
3533,Ca$h,8
3534,Wah-Wah,37
3542,Dazed and Confused,21
3547,The Chumscrubber,28
3548,Shade,46
3549,House at the End of the Street,11
3550,Incendies,48
3551,"Remember Me, My Love",23
3553,Elite Squad,32
3554,Annabelle,1
3555,Bran Nue Dae,34
3556,Boyz n the Hood,17
3560,The Adventures of Huck Finn,41
3561,Go,8
3562,Friends with Money,16
3564,Bats,35
3565,Nowhere in Africa,49
3566,Shame,37
3567,Layer Cake,46
3568,The Work and the Glory II: American Zion,37
3569,The East,20
3570,A Home at the End of the World,14
3572,The Messenger,14
3574,Control,24
3576,Good Bye Lenin!,14
3577,The Damned United,29
3580,Mallrats,16
3583,Fahrenheit 9/11,37
3587,Around the World in 80 Days,15
3590,The Brothers,28
3591,The Wood,16
3592,The Usual Suspects,13
3594,Van Wilder: Party Liaison,44
3595,The Wrestler,36
3597,Best in Show,21
3600,Daddy Day Camp,21
3605,Sliding Doors,25
3606,Tales from the Hood,38
3607,The Last King of Scotland,49
3609,Bernie,40
3611,Pollock,49
3612,200 Cigarettes,16
3613,The Words,39
3614,Casa de mi Padre,21
3615,City Island,2
3616,The Guard,8
3617,College,21
3618,The Virgin Suicides,14
3620,Miss March,44
3621,Wish I Was Here,2
3622,Simply Irresistible,34
3624,Hedwig and the Angry Inch,24
3625,Only the Strong,10
3627,Shattered Glass,37
3628,Novocaine,40
3631,The Wackness,23
3634,Beastmaster 2: Through the Portal of Time,22
3635,The 5th Quarter,29
3637,The Greatest,14
3639,Come Early Morning,14
3640,Lucky Break,8
3642,"Surfer, Dude",21
3647,Deadfall,46
3652,L'auberge espagnole,2
3654,Murder by Numbers,13
3655,Winter in Wartime,42
3659,The Protector,32
3662,Bend It Like Beckham,23
3663,Sunshine State,14
3664,Crossover,10
3666,[Rec] 2,1
3670,Diary of a Mad Black Woman,23
3671,Shine,0
3672,Don Jon,23
3674,Ghost World,28
3675,Iris,0
3677,The Chorus,24
3678,Mambo Italiano,2
3679,Wonderland,13
3681,Harvard Man,40
3682,Le Havre,2
3684,R100,2
3687,Salvation Boulevard,19
3688,The Ten,44
3690,Headhunters,46
3692,Saint Ralph,36
3696,Insidious: Chapter 2,43
3697,Saw II,1
3698,10 Cloverfield Lane,11
3699,Jackass: The Movie,21
3700,Lights Out,1
3701,Paranormal Activity 3,1
3702,Ouija,43
3704,The Gift,26
3705,Instructions Not Included,2
3706,Paranormal Activity 4,1
3709,Freddy's Dead: The Final Nightmare,43
3710,Monster,46
3712,Paranormal Activity: The Marked Ones,43
3714,Dallas Buyers Club,49
3715,The Lazarus Effect,35
3716,Memento,26
3717,Oculus,1
3718,Clerks II,21
3719,Billy Elliot,24
3720,The Way Way Back,2
3721,House Party 2,16
3723,Doug's 1st Movie,5
3724,The Apostle,37
3726,Our Idiot Brother,2
3728,The Players Club,2
3729,O,14
3730,"As Above, So Below",26
3731,Addicted,20
3732,Eve's Bayou,37
3733,Still Alice,37
3737,My Big Fat Greek Wedding,44
3738,Spring Breakers,17
3739,Halloween: The Curse of Michael Myers,38
3740,Y Tu Mamá También,23
3741,Shaun of the Dead,21
3742,The Haunting of Molly Hartley,11
3743,Lone Star,48
3748,Apollo 18,26
3749,Sunshine Cleaning,2
3750,No Escape,19
3754,Not Easily Broken,14
3757,Digimon: The Movie,3
3758,Saved!,2
3759,The Barbarian Invasions,16
3761,The Forsaken,38
3765,Slums of Beverly Hills,2
3767,Made,40
3768,Moon,48
3771,The Sweet Hereafter,37
3772,Of Gods and Men,37
3773,Bottle Shock,2
3775,Heavenly Creatures,0
3776,90 Minutes in Heaven,37
3777,Everything Must Go,2
3778,Zero Effect,13
3779,The Machinist,20
3780,Light Sleeper,17
3781,Kill the Messenger,13
3782,Rabbit Hole,37
3783,Party Monster,46
3784,Green Room,38
3787,Bottle Rocket,40
3788,Albino Alligator,46
3793,"Lovely, Still",14
3795,Desert Blue,37
3798,Redacted,46
3799,Fascination,39
3819,I Served the King of England,23
3821,Sling Blade,28
3823,Hostel,1
3824,Tristram Shandy: A Cock and Bull Story,2
3825,Take Shelter,20
3831,Only God Forgives,17
3837,The Names of Love,23
3839,Savage Grace,37
3843,Four Weddings and a Funeral,23
3846,25th Hour,37
3848,Bound,46
3849,Requiem for a Dream,37
3851,Tango,37
3854,Donnie Darko,20
3856,Character,13
3857,Spun,40
3861,Mean Machine,36
3862,Exiled,31
3865,After.Life,11
3873,The Sweeney,32
3876,Whale Rider,37
3879,Pan,45
3883,Night Watch,43
3884,The Crying Game,46
3886,Survival of the Dead,1
3888,Lost in Translation,28
3891,Exodus: Gods and Kings,9
3892,Monster's Ball,14
3893,Maggie,37
3894,Leaving Las Vegas,14
3898,The Boy Next Door,26
3901,The Kids Are All Right,2
3905,The Last Exorcism Part II,11
3906,Boyhood,37
3907,Scoop,8
3908,Planet of the Apes,33
3909,The Wash,21
3910,3 Strikes,21
3911,The Cooler,14
3913,The Night Listener,13
3915,My Soul to Take,26
3916,The Orphanage,48
3917,A Haunted House 2,21
3918,The Rules of Attraction,23
3921,Four Rooms,21
3922,Secretary,23
3923,The Real Cancun,21
3925,Waiting for Guffman,21
3926,Love Stinks,21
3927,You Kill Me,8
3928,Thumbsucker,2
3930,Mirrormask,45
3931,Samsara,24
3935,Poolhall Junkies,20
3936,The Loss of Sexual Innocence,37
3938,Joe,37
3939,Shooting Fish,8
3941,Psycho Beach Party,1
3942,The Big Tease,21
3944,Trust,46
3945,An Everlasting Piece,21
3947,Adore,28
3949,Mondays in the Sun,2
3950,Stake Land,11
3952,The Last Time I Committed Suicide,49
3953,Futuro Beach,37
3971,Desert Dancer,49
3977,Defendor,40
3979,The Good Heart,37
3980,The History Boys,2
3981,Unknown,19
3984,The Full Monty,2
3987,Friday,2
3988,Menace II Society,46
3996,The Witch,1
3997,I Got the Hook Up,21
3998,She's the One,34
3999,Gods and Monsters,28
4000,The Secret in Their Eyes,48
4004,Pootie Tang,15
4006,La otra conquista,37
4007,Trollhunter,43
4008,Ira & Abby,44
4009,The Watch,15
4010,Winter Passing,2
4011,D.E.B.S.,44
4024,March of the Penguins,21
4025,Margin Call,20
4027,Choke,28
4028,Whiplash,24
4029,City of God,17
4030,Human Traffic,21
4033,The Hunt,37
4035,Bella,14
4043,Maria Full of Grace,17
4044,Beginners,23
4050,Trainspotting,37
4051,The Original Kings of Comedy,21
4052,Paranormal Activity 2,1
4053,Waking Ned Devine,21
4054,Bowling for Columbine,17
4058,The Purge,35
4059,Sinister,1
4060,Martin Lawrence Live: Runteldat,21
4063,Air Bud,36
4067,Spaced Invaders,15
4070,Jason Goes to Hell: The Final Friday,43
4072,Dave Chappelle's Block Party,21
4075,Next Day Air,27
4081,Phat Girlz,21
4082,Before Midnight,28
4086,Real Women Have Curves,2
4089,East Is East,2
4090,Whipped,44
4091,Kama Sutra: A Tale of Love,28
4094,Warlock: The Armageddon,43
4095,8 Heads in a Duffel Bag,8
4097,Thirteen Conversations About One Thing,37
4098,Jawbreaker,8
4099,Basquiat,28
4101,Tsotsi,17
4103,DysFunktional Family,21
4104,Tusk,2
4105,Oldboy,48
4106,Letters to God,37
4107,Hobo with a Shotgun,18
4114,Bachelorette,7
4117,Tim and Eric's Billion Dollar Movie,21
4118,The Gambler,46
4120,Summer Storm,16
4122,Chain Letter,38
4123,Just Looking,2
4124,The Divide,20
4128,Alice in Wonderland,45
4141,Cinderella,14
4144,Central Station,37
4147,Boynton Beach Club,44
4151,High Tension,1
4154,Hustle & Flow,17
4159,Diary of the Dead,1
4161,Ulee's Gold,37
4173,The Astronaut's Wife,20
4175,Timecrimes,26
4180,A Haunted House,21
4181,2016: Obama's America,21
4182,Halloween II,1
4183,That Thing You Do!,2
4187,Kevin Hart: Let Me Explain,21
4188,My Own Private Idaho,28
4189,Garden State,23
4190,Before Sunrise,14
4192,Jesus' Son,37
4195,Robot & Frank,40
4196,My Life Without Me,14
4197,The Spectacular Now,7
4199,Religulous,21
4200,Fuel,21
4202,Dodgeball: A True Underdog Story,21
4203,Eye of the Dolphin,2
4204,8: The Mormon Proposition,21
4205,The Other End of the Line,23
4206,Anatomy,38
4207,Sleep Dealer,20
4208,Super,40
4212,Get on the Bus,37
4213,Thr3e,11
4216,This Is England,17
4219,Go for It!,37
4230,The Last Sin Eater,37
4240,Elling,28
4251,It Follows,1
4255,The Legend of Drunken Master,18
4257,Boys Don't Cry,0
4258,Silent House,11
4259,The Lives of Others,20
4260,Courageous,37
4263,The Triplets of Belleville,2
4264,Smoke Signals,2
4266,Before Sunset,14
4267,Amores Perros,20
4268,Thirteen,28
4270,Winter's Bone,37
4273,Me and You and Everyone We Know,2
4275,We Are Your Friends,14
4277,Harsh Times,32
4278,Captive,46
4279,Full Frontal,16
4282,Hamlet,37
4283,Shortbus,23
4284,Waltz with Bashir,49
4285,"The Book of Mormon Movie, Volume 1: The Journey",47
4287,The Diary of a Teenage Girl,28
4289,In the Shadow of the Moon,21
4291,Inside Deep Throat,49
4294,The Virginity Hit,21
4296,House of D,28
4298,Six-String Samurai,15
4301,Saint John of Las Vegas,2
4303,Stonewall,37
4311,London,14
4312,Sherrybaby,37
4313,Stealing Harvard,8
4318,Gangster's Paradise: Jerusalema,32
4333,The Ghastly Love of Johnny X,21
4344,Northfork,37
4346,Buried,48
4349,One to Another,37
4350,Carrie,43
4353,Man on Wire,46
4355,Brotherly Love,37
4356,The Last Exorcism,11
4360,El crimen del padre Amaro,14
4361,Beasts of the Southern Wild,37
4363,Songcatcher,24
4375,Run Lola Run,17
4376,May,28
4381,In the Bedroom,17
4382,I Spit on Your Grave,38
4383,"Happy, Texas",8
4384,My Summer of Love,14
4385,The Lunchbox,14
4386,Yes,14
4393,Caramel,16
4399,I Love Your Work,48
4401,Dawn of the Dead,35
4402,Waitress,23
4406,The Squid and the Whale,2
4407,Kissing Jessica Stein,16
4411,Exotica,39
4412,Buffalo '66,40
4413,Insidious,26
4415,Nine Queens,46
4417,The Ballad of Jack and Rose,37
4418,The To Do List,7
4419,Killing Zoe,46
4420,The Believer,37
4423,Session 9,1
4424,I Want Someone to Eat Cheese With,7
4428,Stolen Summer,37
4429,My Name Is Bruce,21
4434,Pontypool,43
4435,Trucker,37
4437,The Lords of Salem,11
4446,Jack Reacher,4
4450,The Holy Girl,37
4452,Incident at Loch Ness,21
4458,"Lock, Stock and Two Smoking Barrels",8
4461,The Celebration,37
4462,Trees Lounge,2
4463,Journey from the Fall,37
4464,The Basket,37
4466,Mercury Rising,32
4470,The Hebrew Hammer,21
4485,Saw,26
4486,Super Troopers,8
4489,The Day the Earth Stood Still,20
4490,Monsoon Wedding,23
4491,You Can Count on Me,37
4493,Lucky Number Slevin,13
4494,But I'm a Cheerleader,2
4495,Home Run,36
4496,Reservoir Dogs,46
4499,The Second Mother,2
4500,Blue Like Jazz,2
4501,Down and Out with the Dolls,21
4511,Airborne,21
4515,Waiting...,21
4522,Beyond the Black Rainbow,6
4523,The Raid: Redemption,31
4534,Unfriended,26
4538,Chernobyl Diaries,26
4540,God's Not Dead 2,37
4541,Cry_Wolf,11
4542,Godzilla 2000,33
4543,Blue Valentine,14
4544,Transamerica,2
4545,The Devil Inside,1
4551,The Green Inferno,1
4553,The Sessions,34
4556,Next Stop Wonderland,34
4557,Juno,7
4561,Frozen River,17
4562,20 Feet from Stardom,24
4563,Two Girls and a Guy,2
4564,Walking and Talking,16
4565,The Full Monty,2
4566,Who Killed the Electric Car?,21
4567,The Broken Hearts Club: A Romantic Comedy,16
4569,Goosebumps,45
4570,Slam,37
4571,Brigham City,17
4574,Orgazmo,21
4575,All the Real Girls,34
4576,Dream with the Fishes,2
4577,Blue Car,37
4581,Wristcutters: A Love Story,25
4583,The Battle of Shaker Heights,7
4584,The Lovely Bones,20
4585,The Act of Killing,49
4586,Taxi to the Dark Side,8
4587,Once in a Lifetime: The Extraordinary Story of the New York Cosmos,36
4590,Antarctica: A Year on Ice,49
4592,Hardflip,10
4594,The House of the Devil,1
4595,The Perfect Host,8
4596,Safe Men,8
4599,The Specials,15
4601,Alone with Her,46
4602,Creative Control,37
4603,Special,2
4606,In Her Line of Fire,10
4607,The Jimmy Show,2
4631,Trance,13
4639,L!fe Happens,16
4640,"4 Months, 3 Weeks and 2 Days",28
4642,Hard Candy,46
4643,The Quiet,20
4645,Fruitvale Station,0
4646,The Brass Teapot,21
4649,Snitch,19
4650,Latter Days,23
4653,"For a Good Time, Call...",16
4655,Time Changer,37
4659,A Separation,48
4661,Welcome to the Dollhouse,2
4662,Ruby in Paradise,14
4663,Raising Victor Vargas,14
4667,Deterrence,20
4671,Dead Snow,21
4676,Aqua Teen Hunger Force Colon Movie Film for Theaters,15
4677,Safety Not Guaranteed,23
4679,Kill List,38
4680,The Innkeepers,1
4681,The Unborn,11
4683,Interview with the Assassin,37
4684,Donkey Punch,46
4688,Hoop Dreams,36
4691,L.I.E.,17
4694,King Kong,9
4695,House of Wax,1
4696,Half Nelson,37
4707,The Blair Witch Project,1
4710,Mercy Streets,17
4712,Broken Vessels,37
4723,Fireproof,14
4726,Open Water,11
4730,The Station Agent,2
4731,To Save a Life,28
4733,Beyond the Mat,29
4735,Osama,37
4736,Sholem Aleichem: Laughing in the Darkness,21
4737,Groove,24
4739,Twin Falls Idaho,37
4740,Mean Creek,17
4741,Hurricane Streets,17
4742,Never Again,44
4743,Civil Brand,46
4744,Lonesome Jim,2
4750,Finishing the Game: The Search for a New Bruce Lee,21
4751,Rubber,43
4752,Home,3
4753,Kiss the Bride,7
4754,The Slaughter Rule,36
4755,Monsters,20
4758,Detention of the Dead,21
4769,Crossroads,34
4778,Oz the Great and Powerful,45
4780,Straight Out of Brooklyn,17
4781,Bloody Sunday,42
4783,Conversations with Other Women,23
4784,Poultrygeist: Night of the Chicken Dead,21
4788,Metropolitan,23
4791,Napoleon Dynamite,21
4792,Blue Ruin,46
4793,Paranormal Activity,1
4796,Quinceañera,37
4799,Tarnation,49
4804,What Happens in Vegas,44
4814,Maniac,38
4816,Murderball,36
4827,Tumbleweeds,2
4828,The Prophecy,26
4829,When the Cat's Away,44
4830,Pieces of April,2
4832,Old Joy,37
4833,Wendy and Lucy,37
4840,Fighting Tommy Riley,36
4842,Across the Universe,14
4845,Locker 13,38
4851,Compliance,46
4852,Chasing Amy,16
4853,Lovely & Amazing,23
4855,Better Luck Tomorrow,14
4856,The Incredibly True Adventure of Two Girls in Love,16
4857,Chuck & Buck,28
4858,American Desi,23
4860,Cube,6
4862,I Married a Strange Person!,30
4863,November,48
4864,Like Crazy,28
4868,The Canyons,20
4890,Burn,21
4891,Urbania,37
4896,Swingers,28
4905,Side Effects,46
4915,The Trials of Darryl Hunt,8
4921,Children of Heaven,37
4922,Weekend,14
4926,Another Earth,14
4930,Tadpole,34
4931,Once,14
4933,The Horse Boy,21
4955,Facing the Giants,36
4956,The Gallows,38
4962,The Lost Skeleton of Cadavra,21
4964,Cheap Thrills,40
4971,The Last House on the Left,38
4973,Pi,48
4975,20 Dates,44
4977,Super Size Me,2
4978,The FP,21
4979,Happy Christmas,2
4984,The Brothers McMullen,34
4987,Tiny Furniture,23
4997,George Washington,37
4998,Smiling Fish & Goat on Fire,44
5008,Clerks,21
5011,In the Company of Men,2
5012,Sabotage,32
5015,Slacker,2
5026,Clean,14
5027,The Circle,37
5033,Primer,20
5035,El Mariachi,32
5042,My Date with Drew,21
